<?xml version="1.0" encoding="UTF-8"?>
<spirit:component xmlns:xilinx="http://www.xilinx.com" xmlns:spirit="http://www.spiritconsortium.org/XMLSchema/SPIRIT/1685-2009" xmlns:xsi="http://www.w3.org/2001/XMLSchema-instance">
  <spirit:vendor>xilinx.com</spirit:vendor>
  <spirit:library>customized_ip</spirit:library>
  <spirit:name>fir_compiler_0</spirit:name>
  <spirit:version>1.0</spirit:version>
  <spirit:busInterfaces>
    <spirit:busInterface>
      <spirit:name>event_s_data_tlast_missing_intf</spirit:name>
      <spirit:busType spirit:vendor="xilinx.com" spirit:library="signal" spirit:name="interrupt" spirit:version="1.0"/>
      <spirit:abstractionType spirit:vendor="xilinx.com" spirit:library="signal" spirit:name="interrupt_rtl" spirit:version="1.0"/>
      <spirit:slave/>
      <spirit:portMaps>
        <spirit:portMap>
          <spirit:logicalPort>
            <spirit:name>INTERRUPT</spirit:name>
          </spirit:logicalPort>
          <spirit:physicalPort>
            <spirit:name>event_s_data_tlast_missing</spirit:name>
          </spirit:physicalPort>
        </spirit:portMap>
      </spirit:portMaps>
      <spirit:parameters>
        <spirit:parameter>
          <spirit:name>SENSITIVITY</spirit:name>
          <spirit:value spirit:id="BUSIFPARAM_VALUE.EVENT_S_DATA_TLAST_MISSING_INTF.SENSITIVITY">EDGE_RISING</spirit:value>
        </spirit:parameter>
      </spirit:parameters>
    </spirit:busInterface>
    <spirit:busInterface>
      <spirit:name>event_s_data_tlast_unexpected_intf</spirit:name>
      <spirit:busType spirit:vendor="xilinx.com" spirit:library="signal" spirit:name="interrupt" spirit:version="1.0"/>
      <spirit:abstractionType spirit:vendor="xilinx.com" spirit:library="signal" spirit:name="interrupt_rtl" spirit:version="1.0"/>
      <spirit:slave/>
      <spirit:portMaps>
        <spirit:portMap>
          <spirit:logicalPort>
            <spirit:name>INTERRUPT</spirit:name>
          </spirit:logicalPort>
          <spirit:physicalPort>
            <spirit:name>event_s_data_tlast_unexpected</spirit:name>
          </spirit:physicalPort>
        </spirit:portMap>
      </spirit:portMaps>
      <spirit:parameters>
        <spirit:parameter>
          <spirit:name>SENSITIVITY</spirit:name>
          <spirit:value spirit:id="BUSIFPARAM_VALUE.EVENT_S_DATA_TLAST_UNEXPECTED_INTF.SENSITIVITY">EDGE_RISING</spirit:value>
        </spirit:parameter>
      </spirit:parameters>
    </spirit:busInterface>
    <spirit:busInterface>
      <spirit:name>event_s_data_chanid_incorrect_intf</spirit:name>
      <spirit:busType spirit:vendor="xilinx.com" spirit:library="signal" spirit:name="interrupt" spirit:version="1.0"/>
      <spirit:abstractionType spirit:vendor="xilinx.com" spirit:library="signal" spirit:name="interrupt_rtl" spirit:version="1.0"/>
      <spirit:slave/>
      <spirit:portMaps>
        <spirit:portMap>
          <spirit:logicalPort>
            <spirit:name>INTERRUPT</spirit:name>
          </spirit:logicalPort>
          <spirit:physicalPort>
            <spirit:name>event_s_data_chanid_incorrect</spirit:name>
          </spirit:physicalPort>
        </spirit:portMap>
      </spirit:portMaps>
      <spirit:parameters>
        <spirit:parameter>
          <spirit:name>SENSITIVITY</spirit:name>
          <spirit:value spirit:id="BUSIFPARAM_VALUE.EVENT_S_DATA_CHANID_INCORRECT_INTF.SENSITIVITY">EDGE_RISING</spirit:value>
        </spirit:parameter>
      </spirit:parameters>
    </spirit:busInterface>
    <spirit:busInterface>
      <spirit:name>event_s_config_tlast_missing_intf</spirit:name>
      <spirit:busType spirit:vendor="xilinx.com" spirit:library="signal" spirit:name="interrupt" spirit:version="1.0"/>
      <spirit:abstractionType spirit:vendor="xilinx.com" spirit:library="signal" spirit:name="interrupt_rtl" spirit:version="1.0"/>
      <spirit:slave/>
      <spirit:portMaps>
        <spirit:portMap>
          <spirit:logicalPort>
            <spirit:name>INTERRUPT</spirit:name>
          </spirit:logicalPort>
          <spirit:physicalPort>
            <spirit:name>event_s_config_tlast_missing</spirit:name>
          </spirit:physicalPort>
        </spirit:portMap>
      </spirit:portMaps>
      <spirit:parameters>
        <spirit:parameter>
          <spirit:name>SENSITIVITY</spirit:name>
          <spirit:value spirit:id="BUSIFPARAM_VALUE.EVENT_S_CONFIG_TLAST_MISSING_INTF.SENSITIVITY">EDGE_RISING</spirit:value>
        </spirit:parameter>
      </spirit:parameters>
    </spirit:busInterface>
    <spirit:busInterface>
      <spirit:name>event_s_config_tlast_unexpected_intf</spirit:name>
      <spirit:busType spirit:vendor="xilinx.com" spirit:library="signal" spirit:name="interrupt" spirit:version="1.0"/>
      <spirit:abstractionType spirit:vendor="xilinx.com" spirit:library="signal" spirit:name="interrupt_rtl" spirit:version="1.0"/>
      <spirit:slave/>
      <spirit:portMaps>
        <spirit:portMap>
          <spirit:logicalPort>
            <spirit:name>INTERRUPT</spirit:name>
          </spirit:logicalPort>
          <spirit:physicalPort>
            <spirit:name>event_s_config_tlast_unexpected</spirit:name>
          </spirit:physicalPort>
        </spirit:portMap>
      </spirit:portMaps>
      <spirit:parameters>
        <spirit:parameter>
          <spirit:name>SENSITIVITY</spirit:name>
          <spirit:value spirit:id="BUSIFPARAM_VALUE.EVENT_S_CONFIG_TLAST_UNEXPECTED_INTF.SENSITIVITY">EDGE_RISING</spirit:value>
        </spirit:parameter>
      </spirit:parameters>
    </spirit:busInterface>
    <spirit:busInterface>
      <spirit:name>event_s_reload_tlast_missing_intf</spirit:name>
      <spirit:busType spirit:vendor="xilinx.com" spirit:library="signal" spirit:name="interrupt" spirit:version="1.0"/>
      <spirit:abstractionType spirit:vendor="xilinx.com" spirit:library="signal" spirit:name="interrupt_rtl" spirit:version="1.0"/>
      <spirit:slave/>
      <spirit:portMaps>
        <spirit:portMap>
          <spirit:logicalPort>
            <spirit:name>INTERRUPT</spirit:name>
          </spirit:logicalPort>
          <spirit:physicalPort>
            <spirit:name>event_s_reload_tlast_missing</spirit:name>
          </spirit:physicalPort>
        </spirit:portMap>
      </spirit:portMaps>
      <spirit:parameters>
        <spirit:parameter>
          <spirit:name>SENSITIVITY</spirit:name>
          <spirit:value spirit:id="BUSIFPARAM_VALUE.EVENT_S_RELOAD_TLAST_MISSING_INTF.SENSITIVITY">EDGE_RISING</spirit:value>
        </spirit:parameter>
      </spirit:parameters>
    </spirit:busInterface>
    <spirit:busInterface>
      <spirit:name>event_s_reload_tlast_unexpected_intf</spirit:name>
      <spirit:busType spirit:vendor="xilinx.com" spirit:library="signal" spirit:name="interrupt" spirit:version="1.0"/>
      <spirit:abstractionType spirit:vendor="xilinx.com" spirit:library="signal" spirit:name="interrupt_rtl" spirit:version="1.0"/>
      <spirit:slave/>
      <spirit:portMaps>
        <spirit:portMap>
          <spirit:logicalPort>
            <spirit:name>INTERRUPT</spirit:name>
          </spirit:logicalPort>
          <spirit:physicalPort>
            <spirit:name>event_s_reload_tlast_unexpected</spirit:name>
          </spirit:physicalPort>
        </spirit:portMap>
      </spirit:portMaps>
      <spirit:parameters>
        <spirit:parameter>
          <spirit:name>SENSITIVITY</spirit:name>
          <spirit:value spirit:id="BUSIFPARAM_VALUE.EVENT_S_RELOAD_TLAST_UNEXPECTED_INTF.SENSITIVITY">EDGE_RISING</spirit:value>
        </spirit:parameter>
      </spirit:parameters>
    </spirit:busInterface>
    <spirit:busInterface>
      <spirit:name>S_AXIS_RELOAD</spirit:name>
      <spirit:displayName>S_AXIS_RELOAD</spirit:displayName>
      <spirit:busType spirit:vendor="xilinx.com" spirit:library="interface" spirit:name="axis" spirit:version="1.0"/>
      <spirit:abstractionType spirit:vendor="xilinx.com" spirit:library="interface" spirit:name="axis_rtl" spirit:version="1.0"/>
      <spirit:slave/>
      <spirit:portMaps>
        <spirit:portMap>
          <spirit:logicalPort>
            <spirit:name>TDATA</spirit:name>
          </spirit:logicalPort>
          <spirit:physicalPort>
            <spirit:name>s_axis_reload_tdata</spirit:name>
          </spirit:physicalPort>
        </spirit:portMap>
        <spirit:portMap>
          <spirit:logicalPort>
            <spirit:name>TLAST</spirit:name>
          </spirit:logicalPort>
          <spirit:physicalPort>
            <spirit:name>s_axis_reload_tlast</spirit:name>
          </spirit:physicalPort>
        </spirit:portMap>
        <spirit:portMap>
          <spirit:logicalPort>
            <spirit:name>TREADY</spirit:name>
          </spirit:logicalPort>
          <spirit:physicalPort>
            <spirit:name>s_axis_reload_tready</spirit:name>
          </spirit:physicalPort>
        </spirit:portMap>
        <spirit:portMap>
          <spirit:logicalPort>
            <spirit:name>TVALID</spirit:name>
          </spirit:logicalPort>
          <spirit:physicalPort>
            <spirit:name>s_axis_reload_tvalid</spirit:name>
          </spirit:physicalPort>
        </spirit:portMap>
      </spirit:portMaps>
      <spirit:vendorExtensions>
        <xilinx:busInterfaceInfo>
          <xilinx:enablement>
            <xilinx:presence>optional</xilinx:presence>
            <xilinx:isEnabled xilinx:resolve="dependent" xilinx:dependency="(spirit:decode(id(&apos;MODELPARAM_VALUE.C_COEF_RELOAD&apos;)) != 0)">false</xilinx:isEnabled>
          </xilinx:enablement>
        </xilinx:busInterfaceInfo>
      </spirit:vendorExtensions>
    </spirit:busInterface>
    <spirit:busInterface>
      <spirit:name>aclk_intf</spirit:name>
      <spirit:busType spirit:vendor="xilinx.com" spirit:library="signal" spirit:name="clock" spirit:version="1.0"/>
      <spirit:abstractionType spirit:vendor="xilinx.com" spirit:library="signal" spirit:name="clock_rtl" spirit:version="1.0"/>
      <spirit:slave/>
      <spirit:portMaps>
        <spirit:portMap>
          <spirit:logicalPort>
            <spirit:name>CLK</spirit:name>
          </spirit:logicalPort>
          <spirit:physicalPort>
            <spirit:name>aclk</spirit:name>
          </spirit:physicalPort>
        </spirit:portMap>
      </spirit:portMaps>
      <spirit:parameters>
        <spirit:parameter>
          <spirit:name>ASSOCIATED_BUSIF</spirit:name>
          <spirit:value spirit:id="BUSIFPARAM_VALUE.ACLK_INTF.ASSOCIATED_BUSIF">S_AXIS_CONFIG:M_AXIS_DATA:S_AXIS_DATA:S_AXIS_RELOAD</spirit:value>
        </spirit:parameter>
        <spirit:parameter>
          <spirit:name>ASSOCIATED_RESET</spirit:name>
          <spirit:value spirit:id="BUSIFPARAM_VALUE.ACLK_INTF.ASSOCIATED_RESET">aresetn</spirit:value>
        </spirit:parameter>
        <spirit:parameter>
          <spirit:name>ASSOCIATED_CLKEN</spirit:name>
          <spirit:value spirit:id="BUSIFPARAM_VALUE.ACLK_INTF.ASSOCIATED_CLKEN">aclken</spirit:value>
        </spirit:parameter>
      </spirit:parameters>
    </spirit:busInterface>
    <spirit:busInterface>
      <spirit:name>aresetn_intf</spirit:name>
      <spirit:busType spirit:vendor="xilinx.com" spirit:library="signal" spirit:name="reset" spirit:version="1.0"/>
      <spirit:abstractionType spirit:vendor="xilinx.com" spirit:library="signal" spirit:name="reset_rtl" spirit:version="1.0"/>
      <spirit:slave/>
      <spirit:portMaps>
        <spirit:portMap>
          <spirit:logicalPort>
            <spirit:name>RST</spirit:name>
          </spirit:logicalPort>
          <spirit:physicalPort>
            <spirit:name>aresetn</spirit:name>
          </spirit:physicalPort>
        </spirit:portMap>
      </spirit:portMaps>
      <spirit:parameters>
        <spirit:parameter>
          <spirit:name>POLARITY</spirit:name>
          <spirit:value spirit:id="BUSIFPARAM_VALUE.ARESETN_INTF.POLARITY">ACTIVE_LOW</spirit:value>
        </spirit:parameter>
      </spirit:parameters>
    </spirit:busInterface>
    <spirit:busInterface>
      <spirit:name>aclken_intf</spirit:name>
      <spirit:busType spirit:vendor="xilinx.com" spirit:library="signal" spirit:name="clockenable" spirit:version="1.0"/>
      <spirit:abstractionType spirit:vendor="xilinx.com" spirit:library="signal" spirit:name="clockenable_rtl" spirit:version="1.0"/>
      <spirit:slave/>
      <spirit:portMaps>
        <spirit:portMap>
          <spirit:logicalPort>
            <spirit:name>CE</spirit:name>
          </spirit:logicalPort>
          <spirit:physicalPort>
            <spirit:name>aclken</spirit:name>
          </spirit:physicalPort>
        </spirit:portMap>
      </spirit:portMaps>
    </spirit:busInterface>
    <spirit:busInterface>
      <spirit:name>S_AXIS_DATA</spirit:name>
      <spirit:displayName>S_AXIS_DATA</spirit:displayName>
      <spirit:busType spirit:vendor="xilinx.com" spirit:library="interface" spirit:name="axis" spirit:version="1.0"/>
      <spirit:abstractionType spirit:vendor="xilinx.com" spirit:library="interface" spirit:name="axis_rtl" spirit:version="1.0"/>
      <spirit:slave/>
      <spirit:portMaps>
        <spirit:portMap>
          <spirit:logicalPort>
            <spirit:name>TDATA</spirit:name>
          </spirit:logicalPort>
          <spirit:physicalPort>
            <spirit:name>s_axis_data_tdata</spirit:name>
          </spirit:physicalPort>
        </spirit:portMap>
        <spirit:portMap>
          <spirit:logicalPort>
            <spirit:name>TLAST</spirit:name>
          </spirit:logicalPort>
          <spirit:physicalPort>
            <spirit:name>s_axis_data_tlast</spirit:name>
          </spirit:physicalPort>
        </spirit:portMap>
        <spirit:portMap>
          <spirit:logicalPort>
            <spirit:name>TREADY</spirit:name>
          </spirit:logicalPort>
          <spirit:physicalPort>
            <spirit:name>s_axis_data_tready</spirit:name>
          </spirit:physicalPort>
        </spirit:portMap>
        <spirit:portMap>
          <spirit:logicalPort>
            <spirit:name>TUSER</spirit:name>
          </spirit:logicalPort>
          <spirit:physicalPort>
            <spirit:name>s_axis_data_tuser</spirit:name>
          </spirit:physicalPort>
        </spirit:portMap>
        <spirit:portMap>
          <spirit:logicalPort>
            <spirit:name>TVALID</spirit:name>
          </spirit:logicalPort>
          <spirit:physicalPort>
            <spirit:name>s_axis_data_tvalid</spirit:name>
          </spirit:physicalPort>
        </spirit:portMap>
      </spirit:portMaps>
    </spirit:busInterface>
    <spirit:busInterface>
      <spirit:name>M_AXIS_DATA</spirit:name>
      <spirit:displayName>M_AXIS_DATA</spirit:displayName>
      <spirit:busType spirit:vendor="xilinx.com" spirit:library="interface" spirit:name="axis" spirit:version="1.0"/>
      <spirit:abstractionType spirit:vendor="xilinx.com" spirit:library="interface" spirit:name="axis_rtl" spirit:version="1.0"/>
      <spirit:master/>
      <spirit:portMaps>
        <spirit:portMap>
          <spirit:logicalPort>
            <spirit:name>TDATA</spirit:name>
          </spirit:logicalPort>
          <spirit:physicalPort>
            <spirit:name>m_axis_data_tdata</spirit:name>
          </spirit:physicalPort>
        </spirit:portMap>
        <spirit:portMap>
          <spirit:logicalPort>
            <spirit:name>TLAST</spirit:name>
          </spirit:logicalPort>
          <spirit:physicalPort>
            <spirit:name>m_axis_data_tlast</spirit:name>
          </spirit:physicalPort>
        </spirit:portMap>
        <spirit:portMap>
          <spirit:logicalPort>
            <spirit:name>TREADY</spirit:name>
          </spirit:logicalPort>
          <spirit:physicalPort>
            <spirit:name>m_axis_data_tready</spirit:name>
          </spirit:physicalPort>
        </spirit:portMap>
        <spirit:portMap>
          <spirit:logicalPort>
            <spirit:name>TUSER</spirit:name>
          </spirit:logicalPort>
          <spirit:physicalPort>
            <spirit:name>m_axis_data_tuser</spirit:name>
          </spirit:physicalPort>
        </spirit:portMap>
        <spirit:portMap>
          <spirit:logicalPort>
            <spirit:name>TVALID</spirit:name>
          </spirit:logicalPort>
          <spirit:physicalPort>
            <spirit:name>m_axis_data_tvalid</spirit:name>
          </spirit:physicalPort>
        </spirit:portMap>
      </spirit:portMaps>
    </spirit:busInterface>
    <spirit:busInterface>
      <spirit:name>S_AXIS_CONFIG</spirit:name>
      <spirit:displayName>S_AXIS_CONFIG</spirit:displayName>
      <spirit:busType spirit:vendor="xilinx.com" spirit:library="interface" spirit:name="axis" spirit:version="1.0"/>
      <spirit:abstractionType spirit:vendor="xilinx.com" spirit:library="interface" spirit:name="axis_rtl" spirit:version="1.0"/>
      <spirit:slave/>
      <spirit:portMaps>
        <spirit:portMap>
          <spirit:logicalPort>
            <spirit:name>TDATA</spirit:name>
          </spirit:logicalPort>
          <spirit:physicalPort>
            <spirit:name>s_axis_config_tdata</spirit:name>
          </spirit:physicalPort>
        </spirit:portMap>
        <spirit:portMap>
          <spirit:logicalPort>
            <spirit:name>TLAST</spirit:name>
          </spirit:logicalPort>
          <spirit:physicalPort>
            <spirit:name>s_axis_config_tlast</spirit:name>
          </spirit:physicalPort>
        </spirit:portMap>
        <spirit:portMap>
          <spirit:logicalPort>
            <spirit:name>TREADY</spirit:name>
          </spirit:logicalPort>
          <spirit:physicalPort>
            <spirit:name>s_axis_config_tready</spirit:name>
          </spirit:physicalPort>
        </spirit:portMap>
        <spirit:portMap>
          <spirit:logicalPort>
            <spirit:name>TVALID</spirit:name>
          </spirit:logicalPort>
          <spirit:physicalPort>
            <spirit:name>s_axis_config_tvalid</spirit:name>
          </spirit:physicalPort>
        </spirit:portMap>
      </spirit:portMaps>
      <spirit:vendorExtensions>
        <xilinx:busInterfaceInfo>
          <xilinx:enablement>
            <xilinx:presence>optional</xilinx:presence>
            <xilinx:isEnabled xilinx:resolve="dependent" xilinx:dependency="(spirit:decode(id(&apos;MODELPARAM_VALUE.C_HAS_CONFIG_CHANNEL&apos;)) != 0)">false</xilinx:isEnabled>
          </xilinx:enablement>
        </xilinx:busInterfaceInfo>
      </spirit:vendorExtensions>
    </spirit:busInterface>
  </spirit:busInterfaces>
  <spirit:model>
    <spirit:ports>
      <spirit:port>
        <spirit:name>aresetn</spirit:name>
        <spirit:wire>
          <spirit:direction>in</spirit:direction>
          <spirit:wireTypeDefs>
            <spirit:wireTypeDef>
              <spirit:typeName>std_logic</spirit:typeName>
              <spirit:viewNameRef>dummy_view</spirit:viewNameRef>
            </spirit:wireTypeDef>
          </spirit:wireTypeDefs>
          <spirit:driver>
            <spirit:defaultValue spirit:format="bitString" spirit:bitStringLength="1">0x1</spirit:defaultValue>
          </spirit:driver>
        </spirit:wire>
        <spirit:vendorExtensions>
          <xilinx:portInfo>
            <xilinx:enablement>
              <xilinx:presence>optional</xilinx:presence>
              <xilinx:isEnabled xilinx:resolve="dependent" xilinx:dependency="(spirit:decode(id(&apos;MODELPARAM_VALUE.C_HAS_ARESETN&apos;)) != 0)">false</xilinx:isEnabled>
            </xilinx:enablement>
          </xilinx:portInfo>
        </spirit:vendorExtensions>
      </spirit:port>
      <spirit:port>
        <spirit:name>aclk</spirit:name>
        <spirit:wire>
          <spirit:direction>in</spirit:direction>
          <spirit:wireTypeDefs>
            <spirit:wireTypeDef>
              <spirit:typeName>std_logic</spirit:typeName>
              <spirit:viewNameRef>dummy_view</spirit:viewNameRef>
            </spirit:wireTypeDef>
          </spirit:wireTypeDefs>
        </spirit:wire>
      </spirit:port>
      <spirit:port>
        <spirit:name>aclken</spirit:name>
        <spirit:wire>
          <spirit:direction>in</spirit:direction>
          <spirit:wireTypeDefs>
            <spirit:wireTypeDef>
              <spirit:typeName>std_logic</spirit:typeName>
              <spirit:viewNameRef>dummy_view</spirit:viewNameRef>
            </spirit:wireTypeDef>
          </spirit:wireTypeDefs>
          <spirit:driver>
            <spirit:defaultValue spirit:format="bitString" spirit:bitStringLength="1">0x1</spirit:defaultValue>
          </spirit:driver>
        </spirit:wire>
        <spirit:vendorExtensions>
          <xilinx:portInfo>
            <xilinx:enablement>
              <xilinx:presence>optional</xilinx:presence>
              <xilinx:isEnabled xilinx:resolve="dependent" xilinx:dependency="(spirit:decode(id(&apos;MODELPARAM_VALUE.C_HAS_ACLKEN&apos;)) != 0)">false</xilinx:isEnabled>
            </xilinx:enablement>
          </xilinx:portInfo>
        </spirit:vendorExtensions>
      </spirit:port>
      <spirit:port>
        <spirit:name>s_axis_data_tvalid</spirit:name>
        <spirit:wire>
          <spirit:direction>in</spirit:direction>
          <spirit:wireTypeDefs>
            <spirit:wireTypeDef>
              <spirit:typeName>std_logic</spirit:typeName>
              <spirit:viewNameRef>dummy_view</spirit:viewNameRef>
            </spirit:wireTypeDef>
          </spirit:wireTypeDefs>
          <spirit:driver>
            <spirit:defaultValue spirit:format="bitString" spirit:bitStringLength="1">0x0</spirit:defaultValue>
          </spirit:driver>
        </spirit:wire>
      </spirit:port>
      <spirit:port>
        <spirit:name>s_axis_data_tready</spirit:name>
        <spirit:wire>
          <spirit:direction>out</spirit:direction>
          <spirit:wireTypeDefs>
            <spirit:wireTypeDef>
              <spirit:typeName>std_logic</spirit:typeName>
              <spirit:viewNameRef>dummy_view</spirit:viewNameRef>
            </spirit:wireTypeDef>
          </spirit:wireTypeDefs>
          <spirit:driver>
            <spirit:defaultValue spirit:format="bitString" spirit:bitStringLength="1">0x1</spirit:defaultValue>
          </spirit:driver>
        </spirit:wire>
      </spirit:port>
      <spirit:port>
        <spirit:name>s_axis_data_tlast</spirit:name>
        <spirit:wire>
          <spirit:direction>in</spirit:direction>
          <spirit:wireTypeDefs>
            <spirit:wireTypeDef>
              <spirit:typeName>std_logic</spirit:typeName>
              <spirit:viewNameRef>dummy_view</spirit:viewNameRef>
            </spirit:wireTypeDef>
          </spirit:wireTypeDefs>
          <spirit:driver>
            <spirit:defaultValue spirit:format="bitString" spirit:bitStringLength="1">0x0</spirit:defaultValue>
          </spirit:driver>
        </spirit:wire>
        <spirit:vendorExtensions>
          <xilinx:portInfo>
            <xilinx:enablement>
              <xilinx:presence>optional</xilinx:presence>
              <xilinx:isEnabled xilinx:resolve="dependent" xilinx:dependency="(spirit:decode(id(&apos;MODELPARAM_VALUE.C_DATA_HAS_TLAST&apos;)) != 0)">false</xilinx:isEnabled>
            </xilinx:enablement>
          </xilinx:portInfo>
        </spirit:vendorExtensions>
      </spirit:port>
      <spirit:port>
        <spirit:name>s_axis_data_tuser</spirit:name>
        <spirit:wire>
          <spirit:direction>in</spirit:direction>
          <spirit:vector>
            <spirit:left spirit:format="long" spirit:resolve="dependent" spirit:dependency="(spirit:decode(id(&apos;MODELPARAM_VALUE.C_S_DATA_TUSER_WIDTH&apos;)) - 1)">0</spirit:left>
            <spirit:right spirit:format="long" spirit:resolve="immediate">0</spirit:right>
          </spirit:vector>
          <spirit:wireTypeDefs>
            <spirit:wireTypeDef>
              <spirit:typeName>std_logic_vector</spirit:typeName>
              <spirit:viewNameRef>dummy_view</spirit:viewNameRef>
            </spirit:wireTypeDef>
          </spirit:wireTypeDefs>
          <spirit:driver>
            <spirit:defaultValue spirit:format="long">0</spirit:defaultValue>
          </spirit:driver>
        </spirit:wire>
        <spirit:vendorExtensions>
          <xilinx:portInfo>
            <xilinx:enablement>
              <xilinx:presence>optional</xilinx:presence>
              <xilinx:isEnabled xilinx:resolve="dependent" xilinx:dependency="(spirit:decode(id(&apos;MODELPARAM_VALUE.C_S_DATA_HAS_TUSER&apos;)) != 0)">false</xilinx:isEnabled>
            </xilinx:enablement>
          </xilinx:portInfo>
        </spirit:vendorExtensions>
      </spirit:port>
      <spirit:port>
        <spirit:name>s_axis_data_tdata</spirit:name>
        <spirit:wire>
          <spirit:direction>in</spirit:direction>
          <spirit:vector>
            <spirit:left spirit:format="long" spirit:resolve="dependent" spirit:dependency="(spirit:decode(id(&apos;MODELPARAM_VALUE.C_S_DATA_TDATA_WIDTH&apos;)) - 1)">15</spirit:left>
            <spirit:right spirit:format="long" spirit:resolve="immediate">0</spirit:right>
          </spirit:vector>
          <spirit:wireTypeDefs>
            <spirit:wireTypeDef>
              <spirit:typeName>std_logic_vector</spirit:typeName>
              <spirit:viewNameRef>dummy_view</spirit:viewNameRef>
            </spirit:wireTypeDef>
          </spirit:wireTypeDefs>
          <spirit:driver>
            <spirit:defaultValue spirit:format="long">0</spirit:defaultValue>
          </spirit:driver>
        </spirit:wire>
      </spirit:port>
      <spirit:port>
        <spirit:name>s_axis_config_tvalid</spirit:name>
        <spirit:wire>
          <spirit:direction>in</spirit:direction>
          <spirit:wireTypeDefs>
            <spirit:wireTypeDef>
              <spirit:typeName>std_logic</spirit:typeName>
              <spirit:viewNameRef>dummy_view</spirit:viewNameRef>
            </spirit:wireTypeDef>
          </spirit:wireTypeDefs>
          <spirit:driver>
            <spirit:defaultValue spirit:format="bitString" spirit:bitStringLength="1">0x0</spirit:defaultValue>
          </spirit:driver>
        </spirit:wire>
        <spirit:vendorExtensions>
          <xilinx:portInfo>
            <xilinx:enablement>
              <xilinx:presence>optional</xilinx:presence>
              <xilinx:isEnabled xilinx:resolve="dependent" xilinx:dependency="(spirit:decode(id(&apos;MODELPARAM_VALUE.C_HAS_CONFIG_CHANNEL&apos;)) != 0)">false</xilinx:isEnabled>
            </xilinx:enablement>
          </xilinx:portInfo>
        </spirit:vendorExtensions>
      </spirit:port>
      <spirit:port>
        <spirit:name>s_axis_config_tready</spirit:name>
        <spirit:wire>
          <spirit:direction>out</spirit:direction>
          <spirit:wireTypeDefs>
            <spirit:wireTypeDef>
              <spirit:typeName>std_logic</spirit:typeName>
              <spirit:viewNameRef>dummy_view</spirit:viewNameRef>
            </spirit:wireTypeDef>
          </spirit:wireTypeDefs>
          <spirit:driver>
            <spirit:defaultValue spirit:format="bitString" spirit:bitStringLength="1">0x1</spirit:defaultValue>
          </spirit:driver>
        </spirit:wire>
        <spirit:vendorExtensions>
          <xilinx:portInfo>
            <xilinx:enablement>
              <xilinx:presence>optional</xilinx:presence>
              <xilinx:isEnabled xilinx:resolve="dependent" xilinx:dependency="(spirit:decode(id(&apos;MODELPARAM_VALUE.C_HAS_CONFIG_CHANNEL&apos;)) != 0)">false</xilinx:isEnabled>
            </xilinx:enablement>
          </xilinx:portInfo>
        </spirit:vendorExtensions>
      </spirit:port>
      <spirit:port>
        <spirit:name>s_axis_config_tlast</spirit:name>
        <spirit:wire>
          <spirit:direction>in</spirit:direction>
          <spirit:wireTypeDefs>
            <spirit:wireTypeDef>
              <spirit:typeName>std_logic</spirit:typeName>
              <spirit:viewNameRef>dummy_view</spirit:viewNameRef>
            </spirit:wireTypeDef>
          </spirit:wireTypeDefs>
          <spirit:driver>
            <spirit:defaultValue spirit:format="bitString" spirit:bitStringLength="1">0x0</spirit:defaultValue>
          </spirit:driver>
        </spirit:wire>
        <spirit:vendorExtensions>
          <xilinx:portInfo>
            <xilinx:enablement>
              <xilinx:presence>optional</xilinx:presence>
              <xilinx:isEnabled xilinx:resolve="dependent" xilinx:dependency="(spirit:decode(id(&apos;MODELPARAM_VALUE.C_HAS_CONFIG_CHANNEL&apos;)) != 0 and spirit:decode(id(&apos;MODELPARAM_VALUE.C_CONFIG_PACKET_SIZE&apos;))!=0)">false</xilinx:isEnabled>
            </xilinx:enablement>
          </xilinx:portInfo>
        </spirit:vendorExtensions>
      </spirit:port>
      <spirit:port>
        <spirit:name>s_axis_config_tdata</spirit:name>
        <spirit:wire>
          <spirit:direction>in</spirit:direction>
          <spirit:vector>
            <spirit:left spirit:format="long" spirit:resolve="dependent" spirit:dependency="(spirit:decode(id(&apos;MODELPARAM_VALUE.C_CONFIG_TDATA_WIDTH&apos;)) - 1)">0</spirit:left>
            <spirit:right spirit:format="long" spirit:resolve="immediate">0</spirit:right>
          </spirit:vector>
          <spirit:wireTypeDefs>
            <spirit:wireTypeDef>
              <spirit:typeName>std_logic_vector</spirit:typeName>
              <spirit:viewNameRef>dummy_view</spirit:viewNameRef>
            </spirit:wireTypeDef>
          </spirit:wireTypeDefs>
          <spirit:driver>
            <spirit:defaultValue spirit:format="long">0</spirit:defaultValue>
          </spirit:driver>
        </spirit:wire>
        <spirit:vendorExtensions>
          <xilinx:portInfo>
            <xilinx:enablement>
              <xilinx:presence>optional</xilinx:presence>
              <xilinx:isEnabled xilinx:resolve="dependent" xilinx:dependency="(spirit:decode(id(&apos;MODELPARAM_VALUE.C_HAS_CONFIG_CHANNEL&apos;)) != 0)">false</xilinx:isEnabled>
            </xilinx:enablement>
          </xilinx:portInfo>
        </spirit:vendorExtensions>
      </spirit:port>
      <spirit:port>
        <spirit:name>s_axis_reload_tvalid</spirit:name>
        <spirit:wire>
          <spirit:direction>in</spirit:direction>
          <spirit:wireTypeDefs>
            <spirit:wireTypeDef>
              <spirit:typeName>std_logic</spirit:typeName>
              <spirit:viewNameRef>dummy_view</spirit:viewNameRef>
            </spirit:wireTypeDef>
          </spirit:wireTypeDefs>
          <spirit:driver>
            <spirit:defaultValue spirit:format="bitString" spirit:bitStringLength="1">0x0</spirit:defaultValue>
          </spirit:driver>
        </spirit:wire>
        <spirit:vendorExtensions>
          <xilinx:portInfo>
            <xilinx:enablement>
              <xilinx:presence>optional</xilinx:presence>
              <xilinx:isEnabled xilinx:resolve="dependent" xilinx:dependency="(spirit:decode(id(&apos;MODELPARAM_VALUE.C_COEF_RELOAD&apos;)) != 0)">false</xilinx:isEnabled>
            </xilinx:enablement>
          </xilinx:portInfo>
        </spirit:vendorExtensions>
      </spirit:port>
      <spirit:port>
        <spirit:name>s_axis_reload_tready</spirit:name>
        <spirit:wire>
          <spirit:direction>out</spirit:direction>
          <spirit:wireTypeDefs>
            <spirit:wireTypeDef>
              <spirit:typeName>std_logic</spirit:typeName>
              <spirit:viewNameRef>dummy_view</spirit:viewNameRef>
            </spirit:wireTypeDef>
          </spirit:wireTypeDefs>
          <spirit:driver>
            <spirit:defaultValue spirit:format="bitString" spirit:bitStringLength="1">0x1</spirit:defaultValue>
          </spirit:driver>
        </spirit:wire>
        <spirit:vendorExtensions>
          <xilinx:portInfo>
            <xilinx:enablement>
              <xilinx:presence>optional</xilinx:presence>
              <xilinx:isEnabled xilinx:resolve="dependent" xilinx:dependency="(spirit:decode(id(&apos;MODELPARAM_VALUE.C_COEF_RELOAD&apos;)) != 0)">false</xilinx:isEnabled>
            </xilinx:enablement>
          </xilinx:portInfo>
        </spirit:vendorExtensions>
      </spirit:port>
      <spirit:port>
        <spirit:name>s_axis_reload_tlast</spirit:name>
        <spirit:wire>
          <spirit:direction>in</spirit:direction>
          <spirit:wireTypeDefs>
            <spirit:wireTypeDef>
              <spirit:typeName>std_logic</spirit:typeName>
              <spirit:viewNameRef>dummy_view</spirit:viewNameRef>
            </spirit:wireTypeDef>
          </spirit:wireTypeDefs>
          <spirit:driver>
            <spirit:defaultValue spirit:format="bitString" spirit:bitStringLength="1">0x0</spirit:defaultValue>
          </spirit:driver>
        </spirit:wire>
        <spirit:vendorExtensions>
          <xilinx:portInfo>
            <xilinx:enablement>
              <xilinx:presence>optional</xilinx:presence>
              <xilinx:isEnabled xilinx:resolve="dependent" xilinx:dependency="(spirit:decode(id(&apos;MODELPARAM_VALUE.C_COEF_RELOAD&apos;)) != 0)">false</xilinx:isEnabled>
            </xilinx:enablement>
          </xilinx:portInfo>
        </spirit:vendorExtensions>
      </spirit:port>
      <spirit:port>
        <spirit:name>s_axis_reload_tdata</spirit:name>
        <spirit:wire>
          <spirit:direction>in</spirit:direction>
          <spirit:vector>
            <spirit:left spirit:format="long" spirit:resolve="dependent" spirit:dependency="(spirit:decode(id(&apos;MODELPARAM_VALUE.C_RELOAD_TDATA_WIDTH&apos;)) - 1)">0</spirit:left>
            <spirit:right spirit:format="long" spirit:resolve="immediate">0</spirit:right>
          </spirit:vector>
          <spirit:wireTypeDefs>
            <spirit:wireTypeDef>
              <spirit:typeName>std_logic_vector</spirit:typeName>
              <spirit:viewNameRef>dummy_view</spirit:viewNameRef>
            </spirit:wireTypeDef>
          </spirit:wireTypeDefs>
          <spirit:driver>
            <spirit:defaultValue spirit:format="long">0</spirit:defaultValue>
          </spirit:driver>
        </spirit:wire>
        <spirit:vendorExtensions>
          <xilinx:portInfo>
            <xilinx:enablement>
              <xilinx:presence>optional</xilinx:presence>
              <xilinx:isEnabled xilinx:resolve="dependent" xilinx:dependency="(spirit:decode(id(&apos;MODELPARAM_VALUE.C_COEF_RELOAD&apos;)) != 0)">false</xilinx:isEnabled>
            </xilinx:enablement>
          </xilinx:portInfo>
        </spirit:vendorExtensions>
      </spirit:port>
      <spirit:port>
        <spirit:name>m_axis_data_tvalid</spirit:name>
        <spirit:wire>
          <spirit:direction>out</spirit:direction>
          <spirit:wireTypeDefs>
            <spirit:wireTypeDef>
              <spirit:typeName>std_logic</spirit:typeName>
              <spirit:viewNameRef>dummy_view</spirit:viewNameRef>
            </spirit:wireTypeDef>
          </spirit:wireTypeDefs>
          <spirit:driver>
            <spirit:defaultValue spirit:format="bitString" spirit:bitStringLength="1">0x0</spirit:defaultValue>
          </spirit:driver>
        </spirit:wire>
      </spirit:port>
      <spirit:port>
        <spirit:name>m_axis_data_tready</spirit:name>
        <spirit:wire>
          <spirit:direction>in</spirit:direction>
          <spirit:wireTypeDefs>
            <spirit:wireTypeDef>
              <spirit:typeName>std_logic</spirit:typeName>
              <spirit:viewNameRef>dummy_view</spirit:viewNameRef>
            </spirit:wireTypeDef>
          </spirit:wireTypeDefs>
          <spirit:driver>
            <spirit:defaultValue spirit:format="bitString" spirit:bitStringLength="1">0x1</spirit:defaultValue>
          </spirit:driver>
        </spirit:wire>
        <spirit:vendorExtensions>
          <xilinx:portInfo>
            <xilinx:enablement>
              <xilinx:presence>optional</xilinx:presence>
              <xilinx:isEnabled xilinx:resolve="dependent" xilinx:dependency="(spirit:decode(id(&apos;MODELPARAM_VALUE.C_M_DATA_HAS_TREADY&apos;)) != 0)">false</xilinx:isEnabled>
            </xilinx:enablement>
          </xilinx:portInfo>
        </spirit:vendorExtensions>
      </spirit:port>
      <spirit:port>
        <spirit:name>m_axis_data_tlast</spirit:name>
        <spirit:wire>
          <spirit:direction>out</spirit:direction>
          <spirit:wireTypeDefs>
            <spirit:wireTypeDef>
              <spirit:typeName>std_logic</spirit:typeName>
              <spirit:viewNameRef>dummy_view</spirit:viewNameRef>
            </spirit:wireTypeDef>
          </spirit:wireTypeDefs>
          <spirit:driver>
            <spirit:defaultValue spirit:format="bitString" spirit:bitStringLength="1">0x0</spirit:defaultValue>
          </spirit:driver>
        </spirit:wire>
        <spirit:vendorExtensions>
          <xilinx:portInfo>
            <xilinx:enablement>
              <xilinx:presence>optional</xilinx:presence>
              <xilinx:isEnabled xilinx:resolve="dependent" xilinx:dependency="(spirit:decode(id(&apos;MODELPARAM_VALUE.C_DATA_HAS_TLAST&apos;)) != 0)">false</xilinx:isEnabled>
            </xilinx:enablement>
          </xilinx:portInfo>
        </spirit:vendorExtensions>
      </spirit:port>
      <spirit:port>
        <spirit:name>m_axis_data_tuser</spirit:name>
        <spirit:wire>
          <spirit:direction>out</spirit:direction>
          <spirit:vector>
            <spirit:left spirit:format="long" spirit:resolve="dependent" spirit:dependency="(spirit:decode(id(&apos;MODELPARAM_VALUE.C_M_DATA_TUSER_WIDTH&apos;)) - 1)">0</spirit:left>
            <spirit:right spirit:format="long" spirit:resolve="immediate">0</spirit:right>
          </spirit:vector>
          <spirit:wireTypeDefs>
            <spirit:wireTypeDef>
              <spirit:typeName>std_logic_vector</spirit:typeName>
              <spirit:viewNameRef>dummy_view</spirit:viewNameRef>
            </spirit:wireTypeDef>
          </spirit:wireTypeDefs>
          <spirit:driver>
            <spirit:defaultValue spirit:format="long">0</spirit:defaultValue>
          </spirit:driver>
        </spirit:wire>
        <spirit:vendorExtensions>
          <xilinx:portInfo>
            <xilinx:enablement>
              <xilinx:presence>optional</xilinx:presence>
              <xilinx:isEnabled xilinx:resolve="dependent" xilinx:dependency="(spirit:decode(id(&apos;MODELPARAM_VALUE.C_M_DATA_HAS_TUSER&apos;)) != 0 or spirit:decode(id(&apos;MODELPARAM_VALUE.C_HAS_ARESETN&apos;)) = 2)">false</xilinx:isEnabled>
            </xilinx:enablement>
          </xilinx:portInfo>
        </spirit:vendorExtensions>
      </spirit:port>
      <spirit:port>
        <spirit:name>m_axis_data_tdata</spirit:name>
        <spirit:wire>
          <spirit:direction>out</spirit:direction>
          <spirit:vector>
            <spirit:left spirit:format="long" spirit:resolve="dependent" spirit:dependency="(spirit:decode(id(&apos;MODELPARAM_VALUE.C_M_DATA_TDATA_WIDTH&apos;)) - 1)">15</spirit:left>
            <spirit:right spirit:format="long" spirit:resolve="immediate">0</spirit:right>
          </spirit:vector>
          <spirit:wireTypeDefs>
            <spirit:wireTypeDef>
              <spirit:typeName>std_logic_vector</spirit:typeName>
              <spirit:viewNameRef>dummy_view</spirit:viewNameRef>
            </spirit:wireTypeDef>
          </spirit:wireTypeDefs>
          <spirit:driver>
            <spirit:defaultValue spirit:format="long">0</spirit:defaultValue>
          </spirit:driver>
        </spirit:wire>
      </spirit:port>
      <spirit:port>
        <spirit:name>event_s_data_tlast_missing</spirit:name>
        <spirit:wire>
          <spirit:direction>out</spirit:direction>
          <spirit:wireTypeDefs>
            <spirit:wireTypeDef>
              <spirit:typeName>std_logic</spirit:typeName>
              <spirit:viewNameRef>dummy_view</spirit:viewNameRef>
            </spirit:wireTypeDef>
          </spirit:wireTypeDefs>
          <spirit:driver>
            <spirit:defaultValue spirit:format="bitString" spirit:bitStringLength="1">0x0</spirit:defaultValue>
          </spirit:driver>
        </spirit:wire>
        <spirit:vendorExtensions>
          <xilinx:portInfo>
            <xilinx:enablement>
              <xilinx:presence>optional</xilinx:presence>
              <xilinx:isEnabled xilinx:resolve="dependent" xilinx:dependency="(spirit:decode(id(&apos;MODELPARAM_VALUE.C_DATA_HAS_TLAST&apos;)) = 1)">false</xilinx:isEnabled>
            </xilinx:enablement>
          </xilinx:portInfo>
        </spirit:vendorExtensions>
      </spirit:port>
      <spirit:port>
        <spirit:name>event_s_data_tlast_unexpected</spirit:name>
        <spirit:wire>
          <spirit:direction>out</spirit:direction>
          <spirit:wireTypeDefs>
            <spirit:wireTypeDef>
              <spirit:typeName>std_logic</spirit:typeName>
              <spirit:viewNameRef>dummy_view</spirit:viewNameRef>
            </spirit:wireTypeDef>
          </spirit:wireTypeDefs>
          <spirit:driver>
            <spirit:defaultValue spirit:format="bitString" spirit:bitStringLength="1">0x0</spirit:defaultValue>
          </spirit:driver>
        </spirit:wire>
        <spirit:vendorExtensions>
          <xilinx:portInfo>
            <xilinx:enablement>
              <xilinx:presence>optional</xilinx:presence>
              <xilinx:isEnabled xilinx:resolve="dependent" xilinx:dependency="(spirit:decode(id(&apos;MODELPARAM_VALUE.C_DATA_HAS_TLAST&apos;)) = 1)">false</xilinx:isEnabled>
            </xilinx:enablement>
          </xilinx:portInfo>
        </spirit:vendorExtensions>
      </spirit:port>
      <spirit:port>
        <spirit:name>event_s_data_chanid_incorrect</spirit:name>
        <spirit:wire>
          <spirit:direction>out</spirit:direction>
          <spirit:wireTypeDefs>
            <spirit:wireTypeDef>
              <spirit:typeName>std_logic</spirit:typeName>
              <spirit:viewNameRef>dummy_view</spirit:viewNameRef>
            </spirit:wireTypeDef>
          </spirit:wireTypeDefs>
          <spirit:driver>
            <spirit:defaultValue spirit:format="bitString" spirit:bitStringLength="1">0x0</spirit:defaultValue>
          </spirit:driver>
        </spirit:wire>
        <spirit:vendorExtensions>
          <xilinx:portInfo>
            <xilinx:enablement>
              <xilinx:presence>optional</xilinx:presence>
              <xilinx:isEnabled xilinx:resolve="dependent" xilinx:dependency="(spirit:decode(id(&apos;MODELPARAM_VALUE.C_S_DATA_HAS_TUSER&apos;)) = 1 or spirit:decode(id(&apos;MODELPARAM_VALUE.C_S_DATA_HAS_TUSER&apos;)) = 3)">false</xilinx:isEnabled>
            </xilinx:enablement>
          </xilinx:portInfo>
        </spirit:vendorExtensions>
      </spirit:port>
      <spirit:port>
        <spirit:name>event_s_config_tlast_missing</spirit:name>
        <spirit:wire>
          <spirit:direction>out</spirit:direction>
          <spirit:wireTypeDefs>
            <spirit:wireTypeDef>
              <spirit:typeName>std_logic</spirit:typeName>
              <spirit:viewNameRef>dummy_view</spirit:viewNameRef>
            </spirit:wireTypeDef>
          </spirit:wireTypeDefs>
          <spirit:driver>
            <spirit:defaultValue spirit:format="bitString" spirit:bitStringLength="1">0x0</spirit:defaultValue>
          </spirit:driver>
        </spirit:wire>
        <spirit:vendorExtensions>
          <xilinx:portInfo>
            <xilinx:enablement>
              <xilinx:presence>optional</xilinx:presence>
              <xilinx:isEnabled xilinx:resolve="dependent" xilinx:dependency="(spirit:decode(id(&apos;MODELPARAM_VALUE.C_HAS_CONFIG_CHANNEL&apos;)) != 0 and spirit:decode(id(&apos;MODELPARAM_VALUE.C_CONFIG_PACKET_SIZE&apos;))!=0)">false</xilinx:isEnabled>
            </xilinx:enablement>
          </xilinx:portInfo>
        </spirit:vendorExtensions>
      </spirit:port>
      <spirit:port>
        <spirit:name>event_s_config_tlast_unexpected</spirit:name>
        <spirit:wire>
          <spirit:direction>out</spirit:direction>
          <spirit:wireTypeDefs>
            <spirit:wireTypeDef>
              <spirit:typeName>std_logic</spirit:typeName>
              <spirit:viewNameRef>dummy_view</spirit:viewNameRef>
            </spirit:wireTypeDef>
          </spirit:wireTypeDefs>
          <spirit:driver>
            <spirit:defaultValue spirit:format="bitString" spirit:bitStringLength="1">0x0</spirit:defaultValue>
          </spirit:driver>
        </spirit:wire>
        <spirit:vendorExtensions>
          <xilinx:portInfo>
            <xilinx:enablement>
              <xilinx:presence>optional</xilinx:presence>
              <xilinx:isEnabled xilinx:resolve="dependent" xilinx:dependency="(spirit:decode(id(&apos;MODELPARAM_VALUE.C_HAS_CONFIG_CHANNEL&apos;)) != 0 and spirit:decode(id(&apos;MODELPARAM_VALUE.C_CONFIG_PACKET_SIZE&apos;))!=0)">false</xilinx:isEnabled>
            </xilinx:enablement>
          </xilinx:portInfo>
        </spirit:vendorExtensions>
      </spirit:port>
      <spirit:port>
        <spirit:name>event_s_reload_tlast_missing</spirit:name>
        <spirit:wire>
          <spirit:direction>out</spirit:direction>
          <spirit:wireTypeDefs>
            <spirit:wireTypeDef>
              <spirit:typeName>std_logic</spirit:typeName>
              <spirit:viewNameRef>dummy_view</spirit:viewNameRef>
            </spirit:wireTypeDef>
          </spirit:wireTypeDefs>
          <spirit:driver>
            <spirit:defaultValue spirit:format="bitString" spirit:bitStringLength="1">0x0</spirit:defaultValue>
          </spirit:driver>
        </spirit:wire>
        <spirit:vendorExtensions>
          <xilinx:portInfo>
            <xilinx:enablement>
              <xilinx:presence>optional</xilinx:presence>
              <xilinx:isEnabled xilinx:resolve="dependent" xilinx:dependency="(spirit:decode(id(&apos;MODELPARAM_VALUE.C_COEF_RELOAD&apos;)) != 0)">false</xilinx:isEnabled>
            </xilinx:enablement>
          </xilinx:portInfo>
        </spirit:vendorExtensions>
      </spirit:port>
      <spirit:port>
        <spirit:name>event_s_reload_tlast_unexpected</spirit:name>
        <spirit:wire>
          <spirit:direction>out</spirit:direction>
          <spirit:wireTypeDefs>
            <spirit:wireTypeDef>
              <spirit:typeName>std_logic</spirit:typeName>
              <spirit:viewNameRef>dummy_view</spirit:viewNameRef>
            </spirit:wireTypeDef>
          </spirit:wireTypeDefs>
          <spirit:driver>
            <spirit:defaultValue spirit:format="bitString" spirit:bitStringLength="1">0x0</spirit:defaultValue>
          </spirit:driver>
        </spirit:wire>
        <spirit:vendorExtensions>
          <xilinx:portInfo>
            <xilinx:enablement>
              <xilinx:presence>optional</xilinx:presence>
              <xilinx:isEnabled xilinx:resolve="dependent" xilinx:dependency="(spirit:decode(id(&apos;MODELPARAM_VALUE.C_COEF_RELOAD&apos;)) != 0)">false</xilinx:isEnabled>
            </xilinx:enablement>
          </xilinx:portInfo>
        </spirit:vendorExtensions>
      </spirit:port>
    </spirit:ports>
    <spirit:modelParameters>
      <spirit:modelParameter xsi:type="spirit:nameValueTypeType" spirit:dataType="string">
        <spirit:name>C_XDEVICEFAMILY</spirit:name>
        <spirit:value spirit:format="string" spirit:resolve="generated" spirit:id="MODELPARAM_VALUE.C_XDEVICEFAMILY">kintex7</spirit:value>
      </spirit:modelParameter>
      <spirit:modelParameter spirit:dataType="string">
        <spirit:name>C_ELABORATION_DIR</spirit:name>
        <spirit:value spirit:format="string" spirit:resolve="generated" spirit:id="MODELPARAM_VALUE.C_ELABORATION_DIR">./</spirit:value>
      </spirit:modelParameter>
      <spirit:modelParameter spirit:dataType="string">
        <spirit:name>C_COMPONENT_NAME</spirit:name>
        <spirit:value spirit:format="string" spirit:resolve="generated" spirit:id="MODELPARAM_VALUE.C_COMPONENT_NAME">fir_compiler_0</spirit:value>
      </spirit:modelParameter>
      <spirit:modelParameter spirit:dataType="string">
        <spirit:name>C_COEF_FILE</spirit:name>
        <spirit:value spirit:format="string" spirit:resolve="generated" spirit:id="MODELPARAM_VALUE.C_COEF_FILE">fir_compiler_0.mif</spirit:value>
      </spirit:modelParameter>
      <spirit:modelParameter spirit:dataType="integer">
        <spirit:name>C_COEF_FILE_LINES</spirit:name>
        <spirit:value spirit:format="long" spirit:resolve="generated" spirit:id="MODELPARAM_VALUE.C_COEF_FILE_LINES">18</spirit:value>
      </spirit:modelParameter>
      <spirit:modelParameter spirit:dataType="integer">
        <spirit:name>C_FILTER_TYPE</spirit:name>
        <spirit:value spirit:format="long" spirit:resolve="generated" spirit:id="MODELPARAM_VALUE.C_FILTER_TYPE">0</spirit:value>
      </spirit:modelParameter>
      <spirit:modelParameter spirit:dataType="integer">
        <spirit:name>C_INTERP_RATE</spirit:name>
        <spirit:value spirit:format="long" spirit:resolve="generated" spirit:id="MODELPARAM_VALUE.C_INTERP_RATE">1</spirit:value>
      </spirit:modelParameter>
      <spirit:modelParameter spirit:dataType="integer">
        <spirit:name>C_DECIM_RATE</spirit:name>
        <spirit:value spirit:format="long" spirit:resolve="generated" spirit:id="MODELPARAM_VALUE.C_DECIM_RATE">1</spirit:value>
      </spirit:modelParameter>
      <spirit:modelParameter spirit:dataType="integer">
        <spirit:name>C_ZERO_PACKING_FACTOR</spirit:name>
        <spirit:value spirit:format="long" spirit:resolve="generated" spirit:id="MODELPARAM_VALUE.C_ZERO_PACKING_FACTOR">1</spirit:value>
      </spirit:modelParameter>
      <spirit:modelParameter spirit:dataType="integer">
        <spirit:name>C_SYMMETRY</spirit:name>
        <spirit:value spirit:format="long" spirit:resolve="generated" spirit:id="MODELPARAM_VALUE.C_SYMMETRY">1</spirit:value>
      </spirit:modelParameter>
      <spirit:modelParameter spirit:dataType="integer">
        <spirit:name>C_NUM_FILTS</spirit:name>
        <spirit:value spirit:format="long" spirit:resolve="generated" spirit:id="MODELPARAM_VALUE.C_NUM_FILTS">1</spirit:value>
      </spirit:modelParameter>
      <spirit:modelParameter spirit:dataType="integer">
        <spirit:name>C_NUM_TAPS</spirit:name>
        <spirit:value spirit:format="long" spirit:resolve="generated" spirit:id="MODELPARAM_VALUE.C_NUM_TAPS">35</spirit:value>
      </spirit:modelParameter>
      <spirit:modelParameter spirit:dataType="integer">
        <spirit:name>C_NUM_CHANNELS</spirit:name>
        <spirit:value spirit:format="long" spirit:resolve="generated" spirit:id="MODELPARAM_VALUE.C_NUM_CHANNELS">1</spirit:value>
      </spirit:modelParameter>
      <spirit:modelParameter spirit:dataType="string">
        <spirit:name>C_CHANNEL_PATTERN</spirit:name>
        <spirit:value spirit:format="string" spirit:resolve="generated" spirit:id="MODELPARAM_VALUE.C_CHANNEL_PATTERN">fixed</spirit:value>
      </spirit:modelParameter>
      <spirit:modelParameter spirit:dataType="integer">
        <spirit:name>C_ROUND_MODE</spirit:name>
        <spirit:value spirit:format="long" spirit:resolve="generated" spirit:id="MODELPARAM_VALUE.C_ROUND_MODE">1</spirit:value>
      </spirit:modelParameter>
      <spirit:modelParameter spirit:dataType="integer">
        <spirit:name>C_COEF_RELOAD</spirit:name>
        <spirit:value spirit:format="long" spirit:resolve="generated" spirit:id="MODELPARAM_VALUE.C_COEF_RELOAD">0</spirit:value>
      </spirit:modelParameter>
      <spirit:modelParameter spirit:dataType="integer">
        <spirit:name>C_NUM_RELOAD_SLOTS</spirit:name>
        <spirit:value spirit:format="long" spirit:resolve="generated" spirit:id="MODELPARAM_VALUE.C_NUM_RELOAD_SLOTS">1</spirit:value>
      </spirit:modelParameter>
      <spirit:modelParameter spirit:dataType="integer">
        <spirit:name>C_COL_MODE</spirit:name>
        <spirit:value spirit:format="long" spirit:resolve="generated" spirit:id="MODELPARAM_VALUE.C_COL_MODE">1</spirit:value>
      </spirit:modelParameter>
      <spirit:modelParameter spirit:dataType="integer">
        <spirit:name>C_COL_PIPE_LEN</spirit:name>
        <spirit:value spirit:format="long" spirit:resolve="generated" spirit:id="MODELPARAM_VALUE.C_COL_PIPE_LEN">4</spirit:value>
      </spirit:modelParameter>
      <spirit:modelParameter spirit:dataType="string">
        <spirit:name>C_COL_CONFIG</spirit:name>
        <spirit:value spirit:format="string" spirit:resolve="generated" spirit:id="MODELPARAM_VALUE.C_COL_CONFIG">18</spirit:value>
      </spirit:modelParameter>
      <spirit:modelParameter spirit:dataType="integer">
        <spirit:name>C_OPTIMIZATION</spirit:name>
        <spirit:value spirit:format="long" spirit:resolve="generated" spirit:id="MODELPARAM_VALUE.C_OPTIMIZATION">0</spirit:value>
      </spirit:modelParameter>
      <spirit:modelParameter spirit:dataType="string">
        <spirit:name>C_DATA_PATH_WIDTHS</spirit:name>
        <spirit:value spirit:format="string" spirit:resolve="generated" spirit:id="MODELPARAM_VALUE.C_DATA_PATH_WIDTHS">10</spirit:value>
      </spirit:modelParameter>
      <spirit:modelParameter spirit:dataType="string">
        <spirit:name>C_DATA_IP_PATH_WIDTHS</spirit:name>
        <spirit:value spirit:format="string" spirit:resolve="generated" spirit:id="MODELPARAM_VALUE.C_DATA_IP_PATH_WIDTHS">10</spirit:value>
      </spirit:modelParameter>
      <spirit:modelParameter spirit:dataType="string">
        <spirit:name>C_DATA_PX_PATH_WIDTHS</spirit:name>
        <spirit:value spirit:format="string" spirit:resolve="generated" spirit:id="MODELPARAM_VALUE.C_DATA_PX_PATH_WIDTHS">10</spirit:value>
      </spirit:modelParameter>
      <spirit:modelParameter spirit:dataType="integer">
        <spirit:name>C_DATA_WIDTH</spirit:name>
        <spirit:value spirit:format="long" spirit:resolve="generated" spirit:id="MODELPARAM_VALUE.C_DATA_WIDTH">10</spirit:value>
      </spirit:modelParameter>
      <spirit:modelParameter spirit:dataType="string">
        <spirit:name>C_COEF_PATH_WIDTHS</spirit:name>
        <spirit:value spirit:format="string" spirit:resolve="generated" spirit:id="MODELPARAM_VALUE.C_COEF_PATH_WIDTHS">16</spirit:value>
      </spirit:modelParameter>
      <spirit:modelParameter spirit:dataType="integer">
        <spirit:name>C_COEF_WIDTH</spirit:name>
        <spirit:value spirit:format="long" spirit:resolve="generated" spirit:id="MODELPARAM_VALUE.C_COEF_WIDTH">16</spirit:value>
      </spirit:modelParameter>
      <spirit:modelParameter spirit:dataType="string">
        <spirit:name>C_DATA_PATH_SRC</spirit:name>
        <spirit:value spirit:format="string" spirit:resolve="generated" spirit:id="MODELPARAM_VALUE.C_DATA_PATH_SRC">0</spirit:value>
      </spirit:modelParameter>
      <spirit:modelParameter spirit:dataType="string">
        <spirit:name>C_COEF_PATH_SRC</spirit:name>
        <spirit:value spirit:format="string" spirit:resolve="generated" spirit:id="MODELPARAM_VALUE.C_COEF_PATH_SRC">0</spirit:value>
      </spirit:modelParameter>
      <spirit:modelParameter spirit:dataType="string">
        <spirit:name>C_DATA_PATH_SIGN</spirit:name>
        <spirit:value spirit:format="string" spirit:resolve="generated" spirit:id="MODELPARAM_VALUE.C_DATA_PATH_SIGN">0</spirit:value>
      </spirit:modelParameter>
      <spirit:modelParameter spirit:dataType="string">
        <spirit:name>C_COEF_PATH_SIGN</spirit:name>
        <spirit:value spirit:format="string" spirit:resolve="generated" spirit:id="MODELPARAM_VALUE.C_COEF_PATH_SIGN">0</spirit:value>
      </spirit:modelParameter>
      <spirit:modelParameter spirit:dataType="string">
        <spirit:name>C_ACCUM_PATH_WIDTHS</spirit:name>
        <spirit:value spirit:format="string" spirit:resolve="generated" spirit:id="MODELPARAM_VALUE.C_ACCUM_PATH_WIDTHS">28</spirit:value>
      </spirit:modelParameter>
      <spirit:modelParameter spirit:dataType="integer">
        <spirit:name>C_OUTPUT_WIDTH</spirit:name>
        <spirit:value spirit:format="long" spirit:resolve="generated" spirit:id="MODELPARAM_VALUE.C_OUTPUT_WIDTH">16</spirit:value>
      </spirit:modelParameter>
      <spirit:modelParameter spirit:dataType="string">
        <spirit:name>C_OUTPUT_PATH_WIDTHS</spirit:name>
        <spirit:value spirit:format="string" spirit:resolve="generated" spirit:id="MODELPARAM_VALUE.C_OUTPUT_PATH_WIDTHS">16</spirit:value>
      </spirit:modelParameter>
      <spirit:modelParameter spirit:dataType="string">
        <spirit:name>C_ACCUM_OP_PATH_WIDTHS</spirit:name>
        <spirit:value spirit:format="string" spirit:resolve="generated" spirit:id="MODELPARAM_VALUE.C_ACCUM_OP_PATH_WIDTHS">28</spirit:value>
      </spirit:modelParameter>
      <spirit:modelParameter spirit:dataType="string">
        <spirit:name>C_EXT_MULT_CNFG</spirit:name>
        <spirit:value spirit:format="string" spirit:resolve="generated" spirit:id="MODELPARAM_VALUE.C_EXT_MULT_CNFG">none</spirit:value>
      </spirit:modelParameter>
      <spirit:modelParameter spirit:dataType="string">
        <spirit:name>C_DATA_PATH_PSAMP_SRC</spirit:name>
        <spirit:value spirit:format="string" spirit:resolve="generated" spirit:id="MODELPARAM_VALUE.C_DATA_PATH_PSAMP_SRC">0</spirit:value>
      </spirit:modelParameter>
      <spirit:modelParameter spirit:dataType="string">
        <spirit:name>C_OP_PATH_PSAMP_SRC</spirit:name>
        <spirit:value spirit:format="string" spirit:resolve="generated" spirit:id="MODELPARAM_VALUE.C_OP_PATH_PSAMP_SRC">0</spirit:value>
      </spirit:modelParameter>
      <spirit:modelParameter spirit:dataType="integer">
        <spirit:name>C_NUM_MADDS</spirit:name>
        <spirit:value spirit:format="long" spirit:resolve="generated" spirit:id="MODELPARAM_VALUE.C_NUM_MADDS">18</spirit:value>
      </spirit:modelParameter>
      <spirit:modelParameter spirit:dataType="string">
        <spirit:name>C_OPT_MADDS</spirit:name>
        <spirit:value spirit:format="string" spirit:resolve="generated" spirit:id="MODELPARAM_VALUE.C_OPT_MADDS">none</spirit:value>
      </spirit:modelParameter>
      <spirit:modelParameter spirit:dataType="integer">
        <spirit:name>C_OVERSAMPLING_RATE</spirit:name>
        <spirit:value spirit:format="long" spirit:resolve="generated" spirit:id="MODELPARAM_VALUE.C_OVERSAMPLING_RATE">1</spirit:value>
      </spirit:modelParameter>
      <spirit:modelParameter spirit:dataType="integer">
        <spirit:name>C_INPUT_RATE</spirit:name>
        <spirit:value spirit:format="long" spirit:resolve="generated" spirit:id="MODELPARAM_VALUE.C_INPUT_RATE">1</spirit:value>
      </spirit:modelParameter>
      <spirit:modelParameter spirit:dataType="integer">
        <spirit:name>C_OUTPUT_RATE</spirit:name>
        <spirit:value spirit:format="long" spirit:resolve="generated" spirit:id="MODELPARAM_VALUE.C_OUTPUT_RATE">1</spirit:value>
      </spirit:modelParameter>
      <spirit:modelParameter spirit:dataType="integer">
        <spirit:name>C_DATA_MEMTYPE</spirit:name>
        <spirit:value spirit:format="long" spirit:resolve="generated" spirit:id="MODELPARAM_VALUE.C_DATA_MEMTYPE">0</spirit:value>
      </spirit:modelParameter>
      <spirit:modelParameter spirit:dataType="integer">
        <spirit:name>C_COEF_MEMTYPE</spirit:name>
        <spirit:value spirit:format="long" spirit:resolve="generated" spirit:id="MODELPARAM_VALUE.C_COEF_MEMTYPE">2</spirit:value>
      </spirit:modelParameter>
      <spirit:modelParameter spirit:dataType="integer">
        <spirit:name>C_IPBUFF_MEMTYPE</spirit:name>
        <spirit:value spirit:format="long" spirit:resolve="generated" spirit:id="MODELPARAM_VALUE.C_IPBUFF_MEMTYPE">0</spirit:value>
      </spirit:modelParameter>
      <spirit:modelParameter spirit:dataType="integer">
        <spirit:name>C_OPBUFF_MEMTYPE</spirit:name>
        <spirit:value spirit:format="long" spirit:resolve="generated" spirit:id="MODELPARAM_VALUE.C_OPBUFF_MEMTYPE">0</spirit:value>
      </spirit:modelParameter>
      <spirit:modelParameter spirit:dataType="integer">
        <spirit:name>C_DATAPATH_MEMTYPE</spirit:name>
        <spirit:value spirit:format="long" spirit:resolve="generated" spirit:id="MODELPARAM_VALUE.C_DATAPATH_MEMTYPE">0</spirit:value>
      </spirit:modelParameter>
      <spirit:modelParameter spirit:dataType="integer">
        <spirit:name>C_MEM_ARRANGEMENT</spirit:name>
        <spirit:value spirit:format="long" spirit:resolve="generated" spirit:id="MODELPARAM_VALUE.C_MEM_ARRANGEMENT">1</spirit:value>
      </spirit:modelParameter>
      <spirit:modelParameter spirit:dataType="integer">
        <spirit:name>C_DATA_MEM_PACKING</spirit:name>
        <spirit:value spirit:format="long" spirit:resolve="generated" spirit:id="MODELPARAM_VALUE.C_DATA_MEM_PACKING">0</spirit:value>
      </spirit:modelParameter>
      <spirit:modelParameter spirit:dataType="integer">
        <spirit:name>C_COEF_MEM_PACKING</spirit:name>
        <spirit:value spirit:format="long" spirit:resolve="generated" spirit:id="MODELPARAM_VALUE.C_COEF_MEM_PACKING">0</spirit:value>
      </spirit:modelParameter>
      <spirit:modelParameter spirit:dataType="integer">
        <spirit:name>C_FILTS_PACKED</spirit:name>
        <spirit:value spirit:format="long" spirit:resolve="generated" spirit:id="MODELPARAM_VALUE.C_FILTS_PACKED">0</spirit:value>
      </spirit:modelParameter>
      <spirit:modelParameter spirit:dataType="integer">
        <spirit:name>C_LATENCY</spirit:name>
        <spirit:value spirit:format="long" spirit:resolve="generated" spirit:id="MODELPARAM_VALUE.C_LATENCY">24</spirit:value>
      </spirit:modelParameter>
      <spirit:modelParameter spirit:dataType="integer">
        <spirit:name>C_HAS_ARESETn</spirit:name>
        <spirit:value spirit:format="long" spirit:resolve="generated" spirit:id="MODELPARAM_VALUE.C_HAS_ARESETn">0</spirit:value>
      </spirit:modelParameter>
      <spirit:modelParameter spirit:dataType="integer">
        <spirit:name>C_HAS_ACLKEN</spirit:name>
        <spirit:value spirit:format="long" spirit:resolve="generated" spirit:id="MODELPARAM_VALUE.C_HAS_ACLKEN">0</spirit:value>
      </spirit:modelParameter>
      <spirit:modelParameter spirit:dataType="integer">
        <spirit:name>C_DATA_HAS_TLAST</spirit:name>
        <spirit:value spirit:format="long" spirit:resolve="generated" spirit:id="MODELPARAM_VALUE.C_DATA_HAS_TLAST">0</spirit:value>
      </spirit:modelParameter>
      <spirit:modelParameter spirit:dataType="integer">
        <spirit:name>C_S_DATA_HAS_FIFO</spirit:name>
        <spirit:value spirit:format="long" spirit:resolve="generated" spirit:id="MODELPARAM_VALUE.C_S_DATA_HAS_FIFO">1</spirit:value>
      </spirit:modelParameter>
      <spirit:modelParameter spirit:dataType="integer">
        <spirit:name>C_S_DATA_HAS_TUSER</spirit:name>
        <spirit:value spirit:format="long" spirit:resolve="generated" spirit:id="MODELPARAM_VALUE.C_S_DATA_HAS_TUSER">0</spirit:value>
      </spirit:modelParameter>
      <spirit:modelParameter spirit:dataType="integer">
        <spirit:name>C_S_DATA_TDATA_WIDTH</spirit:name>
        <spirit:value spirit:format="long" spirit:resolve="generated" spirit:id="MODELPARAM_VALUE.C_S_DATA_TDATA_WIDTH">16</spirit:value>
      </spirit:modelParameter>
      <spirit:modelParameter spirit:dataType="integer">
        <spirit:name>C_S_DATA_TUSER_WIDTH</spirit:name>
        <spirit:value spirit:format="long" spirit:resolve="generated" spirit:id="MODELPARAM_VALUE.C_S_DATA_TUSER_WIDTH">1</spirit:value>
      </spirit:modelParameter>
      <spirit:modelParameter spirit:dataType="integer">
        <spirit:name>C_M_DATA_HAS_TREADY</spirit:name>
        <spirit:value spirit:format="long" spirit:resolve="generated" spirit:id="MODELPARAM_VALUE.C_M_DATA_HAS_TREADY">0</spirit:value>
      </spirit:modelParameter>
      <spirit:modelParameter spirit:dataType="integer">
        <spirit:name>C_M_DATA_HAS_TUSER</spirit:name>
        <spirit:value spirit:format="long" spirit:resolve="generated" spirit:id="MODELPARAM_VALUE.C_M_DATA_HAS_TUSER">0</spirit:value>
      </spirit:modelParameter>
      <spirit:modelParameter spirit:dataType="integer">
        <spirit:name>C_M_DATA_TDATA_WIDTH</spirit:name>
        <spirit:value spirit:format="long" spirit:resolve="generated" spirit:id="MODELPARAM_VALUE.C_M_DATA_TDATA_WIDTH">16</spirit:value>
      </spirit:modelParameter>
      <spirit:modelParameter spirit:dataType="integer">
        <spirit:name>C_M_DATA_TUSER_WIDTH</spirit:name>
        <spirit:value spirit:format="long" spirit:resolve="generated" spirit:id="MODELPARAM_VALUE.C_M_DATA_TUSER_WIDTH">1</spirit:value>
      </spirit:modelParameter>
      <spirit:modelParameter spirit:dataType="integer">
        <spirit:name>C_HAS_CONFIG_CHANNEL</spirit:name>
        <spirit:value spirit:format="long" spirit:resolve="generated" spirit:id="MODELPARAM_VALUE.C_HAS_CONFIG_CHANNEL">0</spirit:value>
      </spirit:modelParameter>
      <spirit:modelParameter spirit:dataType="integer">
        <spirit:name>C_CONFIG_SYNC_MODE</spirit:name>
        <spirit:value spirit:format="long" spirit:resolve="generated" spirit:id="MODELPARAM_VALUE.C_CONFIG_SYNC_MODE">0</spirit:value>
      </spirit:modelParameter>
      <spirit:modelParameter spirit:dataType="integer">
        <spirit:name>C_CONFIG_PACKET_SIZE</spirit:name>
        <spirit:value spirit:format="long" spirit:resolve="generated" spirit:id="MODELPARAM_VALUE.C_CONFIG_PACKET_SIZE">0</spirit:value>
      </spirit:modelParameter>
      <spirit:modelParameter spirit:dataType="integer">
        <spirit:name>C_CONFIG_TDATA_WIDTH</spirit:name>
        <spirit:value spirit:format="long" spirit:resolve="generated" spirit:id="MODELPARAM_VALUE.C_CONFIG_TDATA_WIDTH">1</spirit:value>
      </spirit:modelParameter>
      <spirit:modelParameter spirit:dataType="integer">
        <spirit:name>C_RELOAD_TDATA_WIDTH</spirit:name>
        <spirit:value spirit:format="long" spirit:resolve="generated" spirit:id="MODELPARAM_VALUE.C_RELOAD_TDATA_WIDTH">1</spirit:value>
      </spirit:modelParameter>
    </spirit:modelParameters>
  </spirit:model>
  <spirit:choices>
    <spirit:choice>
      <spirit:name>choices_0</spirit:name>
      <spirit:enumeration spirit:text="COE File">COE_File</spirit:enumeration>
      <spirit:enumeration spirit:text="Vector">Vector</spirit:enumeration>
    </spirit:choice>
    <spirit:choice>
      <spirit:name>choices_1</spirit:name>
      <spirit:enumeration spirit:text="Single Rate">Single_Rate</spirit:enumeration>
      <spirit:enumeration spirit:text="Interpolation">Interpolation</spirit:enumeration>
      <spirit:enumeration spirit:text="Decimation">Decimation</spirit:enumeration>
      <spirit:enumeration spirit:text="Hilbert">Hilbert</spirit:enumeration>
      <spirit:enumeration spirit:text="Interpolated">Interpolated</spirit:enumeration>
    </spirit:choice>
    <spirit:choice>
      <spirit:name>choices_2</spirit:name>
      <spirit:enumeration spirit:text="Integer">Integer</spirit:enumeration>
      <spirit:enumeration spirit:text="Fixed Fractional">Fixed_Fractional</spirit:enumeration>
    </spirit:choice>
    <spirit:choice>
      <spirit:name>choices_3</spirit:name>
      <spirit:enumeration spirit:text="Basic">Basic</spirit:enumeration>
      <spirit:enumeration spirit:text="Advanced">Advanced</spirit:enumeration>
    </spirit:choice>
    <spirit:choice>
      <spirit:name>choices_4</spirit:name>
      <spirit:enumeration spirit:text="All">All</spirit:enumeration>
    </spirit:choice>
    <spirit:choice>
      <spirit:name>choices_5</spirit:name>
      <spirit:enumeration spirit:text="Frequency Specification">Frequency_Specification</spirit:enumeration>
      <spirit:enumeration spirit:text="Sample Period">Sample_Period</spirit:enumeration>
    </spirit:choice>
    <spirit:choice>
      <spirit:name>choices_6</spirit:name>
      <spirit:enumeration spirit:text="Signed">Signed</spirit:enumeration>
      <spirit:enumeration spirit:text="Unsigned">Unsigned</spirit:enumeration>
    </spirit:choice>
    <spirit:choice>
      <spirit:name>choices_7</spirit:name>
      <spirit:enumeration spirit:text="Integer Coefficients">Integer_Coefficients</spirit:enumeration>
    </spirit:choice>
    <spirit:choice>
      <spirit:name>choices_8</spirit:name>
      <spirit:enumeration spirit:text="Inferred">Inferred</spirit:enumeration>
      <spirit:enumeration spirit:text="Non Symmetric">Non_Symmetric</spirit:enumeration>
      <spirit:enumeration spirit:text="Symmetric">Symmetric</spirit:enumeration>
    </spirit:choice>
    <spirit:choice>
      <spirit:name>choices_9</spirit:name>
      <spirit:enumeration spirit:text="Signed">Signed</spirit:enumeration>
      <spirit:enumeration spirit:text="Unsigned">Unsigned</spirit:enumeration>
    </spirit:choice>
    <spirit:choice>
      <spirit:name>choices_10</spirit:name>
      <spirit:enumeration spirit:text="Full Precision">Full_Precision</spirit:enumeration>
      <spirit:enumeration spirit:text="Truncate LSBs">Truncate_LSBs</spirit:enumeration>
      <spirit:enumeration spirit:text="Non Symmetric Rounding Down">Non_Symmetric_Rounding_Down</spirit:enumeration>
      <spirit:enumeration spirit:text="Non Symmetric Rounding Up">Non_Symmetric_Rounding_Up</spirit:enumeration>
      <spirit:enumeration spirit:text="Symmetric Rounding to Zero">Symmetric_Rounding_to_Zero</spirit:enumeration>
      <spirit:enumeration spirit:text="Symmetric Rounding to Infinity">Symmetric_Rounding_to_Infinity</spirit:enumeration>
      <spirit:enumeration spirit:text="Convergent Rounding to Even">Convergent_Rounding_to_Even</spirit:enumeration>
      <spirit:enumeration spirit:text="Convergent Rounding to Odd">Convergent_Rounding_to_Odd</spirit:enumeration>
    </spirit:choice>
    <spirit:choice>
      <spirit:name>choices_11</spirit:name>
      <spirit:enumeration spirit:text="Systolic Multiply Accumulate">Systolic_Multiply_Accumulate</spirit:enumeration>
    </spirit:choice>
    <spirit:choice>
      <spirit:name>choices_12</spirit:name>
      <spirit:enumeration spirit:text="Area">Area</spirit:enumeration>
      <spirit:enumeration spirit:text="Speed">Speed</spirit:enumeration>
      <spirit:enumeration spirit:text="Custom">Custom</spirit:enumeration>
    </spirit:choice>
    <spirit:choice>
      <spirit:name>choices_13</spirit:name>
      <spirit:enumeration spirit:text="None">None</spirit:enumeration>
      <spirit:enumeration spirit:text="All">All</spirit:enumeration>
      <spirit:enumeration spirit:text="Data Path Fanout">Data_Path_Fanout</spirit:enumeration>
      <spirit:enumeration spirit:text="Pre-Adder Pipeline">Pre-Adder_Pipeline</spirit:enumeration>
      <spirit:enumeration spirit:text="Coefficient Fanout">Coefficient_Fanout</spirit:enumeration>
      <spirit:enumeration spirit:text="Control Path Fanout">Control_Path_Fanout</spirit:enumeration>
      <spirit:enumeration spirit:text="Control Column Fanout">Control_Column_Fanout</spirit:enumeration>
      <spirit:enumeration spirit:text="Control Broadcast Fanout">Control_Broadcast_Fanout</spirit:enumeration>
      <spirit:enumeration spirit:text="Control LUT Pipeline">Control_LUT_Pipeline</spirit:enumeration>
      <spirit:enumeration spirit:text="No BRAM Read First Mode">No_BRAM_Read_First_Mode</spirit:enumeration>
      <spirit:enumeration spirit:text="Optimal Column Lengths">Optimal_Column_Lengths</spirit:enumeration>
      <spirit:enumeration spirit:text="Other">Other</spirit:enumeration>
    </spirit:choice>
    <spirit:choice>
      <spirit:name>choices_14</spirit:name>
      <spirit:enumeration spirit:text="Automatic">Automatic</spirit:enumeration>
      <spirit:enumeration spirit:text="Block">Block</spirit:enumeration>
      <spirit:enumeration spirit:text="Distributed">Distributed</spirit:enumeration>
    </spirit:choice>
    <spirit:choice>
      <spirit:name>choices_15</spirit:name>
      <spirit:enumeration spirit:text="Automatic">Automatic</spirit:enumeration>
      <spirit:enumeration spirit:text="Block">Block</spirit:enumeration>
      <spirit:enumeration spirit:text="Distributed">Distributed</spirit:enumeration>
    </spirit:choice>
    <spirit:choice>
      <spirit:name>choices_16</spirit:name>
      <spirit:enumeration spirit:text="Automatic">Automatic</spirit:enumeration>
      <spirit:enumeration spirit:text="Block">Block</spirit:enumeration>
      <spirit:enumeration spirit:text="Distributed">Distributed</spirit:enumeration>
    </spirit:choice>
    <spirit:choice>
      <spirit:name>choices_17</spirit:name>
      <spirit:enumeration spirit:text="Automatic">Automatic</spirit:enumeration>
      <spirit:enumeration spirit:text="Block">Block</spirit:enumeration>
      <spirit:enumeration spirit:text="Distributed">Distributed</spirit:enumeration>
    </spirit:choice>
    <spirit:choice>
      <spirit:name>choices_18</spirit:name>
      <spirit:enumeration spirit:text="Automatic">Automatic</spirit:enumeration>
      <spirit:enumeration spirit:text="Block">Block</spirit:enumeration>
      <spirit:enumeration spirit:text="Distributed">Distributed</spirit:enumeration>
    </spirit:choice>
    <spirit:choice>
      <spirit:name>choices_19</spirit:name>
      <spirit:enumeration spirit:text="Automatic">Automatic</spirit:enumeration>
      <spirit:enumeration spirit:text="Custom">Custom</spirit:enumeration>
    </spirit:choice>
    <spirit:choice>
      <spirit:name>choices_20</spirit:name>
      <spirit:enumeration spirit:text="Not Required">Not_Required</spirit:enumeration>
      <spirit:enumeration spirit:text="Packet Framing">Packet_Framing</spirit:enumeration>
    </spirit:choice>
    <spirit:choice>
      <spirit:name>choices_21</spirit:name>
      <spirit:enumeration spirit:text="Not Required">Not_Required</spirit:enumeration>
      <spirit:enumeration spirit:text="User Field">User_Field</spirit:enumeration>
    </spirit:choice>
    <spirit:choice>
      <spirit:name>choices_22</spirit:name>
      <spirit:enumeration spirit:text="Not Required">Not_Required</spirit:enumeration>
      <spirit:enumeration spirit:text="Chan ID Field">Chan_ID_Field</spirit:enumeration>
    </spirit:choice>
    <spirit:choice>
      <spirit:name>choices_23</spirit:name>
      <spirit:enumeration spirit:text="On Vector">On_Vector</spirit:enumeration>
      <spirit:enumeration spirit:text="On Packet">On_Packet</spirit:enumeration>
    </spirit:choice>
    <spirit:choice>
      <spirit:name>choices_24</spirit:name>
      <spirit:enumeration spirit:text="Single">Single</spirit:enumeration>
      <spirit:enumeration spirit:text="By Channel">By_Channel</spirit:enumeration>
    </spirit:choice>
  </spirit:choices>
  <spirit:description>The Xilinx FIR Compiler LogiCORE is a module for generation of high speed, compact filter implementations that can be configured to implement many different filtering functions. The core is fully synchronous, using a single clock, and is highly parameterizable, allowing designers to control the filter type, data and coefficient widths, the number of filter taps, the number of channels, etc. Multi-rate operation is supported. The core is delivered through the Xilinx Vivado IP Catalog and integrates seamlessly with the Xilinx design flow.</spirit:description>
  <spirit:parameters>
    <spirit:parameter>
      <spirit:name>Component_Name</spirit:name>
      <spirit:value spirit:resolve="user" spirit:id="PARAM_VALUE.Component_Name" spirit:order="1">fir_compiler_0</spirit:value>
    </spirit:parameter>
    <spirit:parameter>
      <spirit:name>GUI_Behaviour</spirit:name>
      <spirit:value spirit:resolve="user" spirit:id="PARAM_VALUE.GUI_Behaviour" spirit:order="2">Coregen</spirit:value>
    </spirit:parameter>
    <spirit:parameter>
      <spirit:name>CoefficientSource</spirit:name>
      <spirit:value spirit:resolve="user" spirit:id="PARAM_VALUE.CoefficientSource" spirit:choiceRef="choices_0" spirit:order="3">COE_File</spirit:value>
    </spirit:parameter>
    <spirit:parameter>
      <spirit:name>CoefficientVector</spirit:name>
      <spirit:value spirit:resolve="user" spirit:id="PARAM_VALUE.CoefficientVector" spirit:order="4">6,0,-4,-3,5,6,-6,-13,7,44,64,44,7,-13,-6,6,5,-3,-4,0,6</spirit:value>
    </spirit:parameter>
    <spirit:parameter>
      <spirit:name>Coefficient_File</spirit:name>
      <spirit:value spirit:resolve="user" spirit:id="PARAM_VALUE.Coefficient_File" spirit:order="5">..\coeffs\fir_p2_1db_s3_50db.coe</spirit:value>
    </spirit:parameter>
    <spirit:parameter>
      <spirit:name>Coefficient_Sets</spirit:name>
      <spirit:value spirit:format="long" spirit:resolve="user" spirit:id="PARAM_VALUE.Coefficient_Sets" spirit:order="6" spirit:minimum="1" spirit:maximum="1024">1</spirit:value>
    </spirit:parameter>
    <spirit:parameter>
      <spirit:name>Coefficient_Reload</spirit:name>
      <spirit:value spirit:format="bool" spirit:resolve="user" spirit:id="PARAM_VALUE.Coefficient_Reload" spirit:order="7">false</spirit:value>
    </spirit:parameter>
    <spirit:parameter>
      <spirit:name>Filter_Type</spirit:name>
      <spirit:value spirit:resolve="user" spirit:id="PARAM_VALUE.Filter_Type" spirit:choiceRef="choices_1" spirit:order="8">Single_Rate</spirit:value>
    </spirit:parameter>
    <spirit:parameter>
      <spirit:name>Rate_Change_Type</spirit:name>
      <spirit:value spirit:resolve="user" spirit:id="PARAM_VALUE.Rate_Change_Type" spirit:choiceRef="choices_2" spirit:order="9">Integer</spirit:value>
    </spirit:parameter>
    <spirit:parameter>
      <spirit:name>Interpolation_Rate</spirit:name>
      <spirit:value spirit:format="long" spirit:resolve="user" spirit:id="PARAM_VALUE.Interpolation_Rate" spirit:order="10" spirit:minimum="1" spirit:maximum="1">1</spirit:value>
    </spirit:parameter>
    <spirit:parameter>
      <spirit:name>Decimation_Rate</spirit:name>
      <spirit:value spirit:format="long" spirit:resolve="user" spirit:id="PARAM_VALUE.Decimation_Rate" spirit:order="11" spirit:minimum="1" spirit:maximum="1">1</spirit:value>
    </spirit:parameter>
    <spirit:parameter>
      <spirit:name>Zero_Pack_Factor</spirit:name>
      <spirit:value spirit:format="long" spirit:resolve="user" spirit:id="PARAM_VALUE.Zero_Pack_Factor" spirit:order="12" spirit:minimum="1" spirit:maximum="1">1</spirit:value>
    </spirit:parameter>
    <spirit:parameter>
      <spirit:name>Channel_Sequence</spirit:name>
      <spirit:value spirit:resolve="user" spirit:id="PARAM_VALUE.Channel_Sequence" spirit:choiceRef="choices_3" spirit:order="13">Basic</spirit:value>
    </spirit:parameter>
    <spirit:parameter>
      <spirit:name>Number_Channels</spirit:name>
      <spirit:value spirit:format="long" spirit:resolve="user" spirit:id="PARAM_VALUE.Number_Channels" spirit:order="14" spirit:minimum="1" spirit:maximum="1024">1</spirit:value>
    </spirit:parameter>
    <spirit:parameter>
      <spirit:name>Select_Pattern</spirit:name>
      <spirit:value spirit:resolve="user" spirit:id="PARAM_VALUE.Select_Pattern" spirit:choiceRef="choices_4" spirit:order="15">All</spirit:value>
    </spirit:parameter>
    <spirit:parameter>
      <spirit:name>Pattern_List</spirit:name>
      <spirit:value spirit:resolve="user" spirit:id="PARAM_VALUE.Pattern_List" spirit:order="16">P4-0,P4-1,P4-2,P4-3,P4-4</spirit:value>
    </spirit:parameter>
    <spirit:parameter>
      <spirit:name>Number_Paths</spirit:name>
      <spirit:value spirit:format="long" spirit:resolve="user" spirit:id="PARAM_VALUE.Number_Paths" spirit:order="17" spirit:minimum="1" spirit:maximum="16">1</spirit:value>
    </spirit:parameter>
    <spirit:parameter>
      <spirit:name>RateSpecification</spirit:name>
      <spirit:value spirit:resolve="user" spirit:id="PARAM_VALUE.RateSpecification" spirit:choiceRef="choices_5" spirit:order="18">Sample_Period</spirit:value>
    </spirit:parameter>
    <spirit:parameter>
      <spirit:name>HardwareOversamplingRate</spirit:name>
      <spirit:value spirit:format="long" spirit:resolve="user" spirit:id="PARAM_VALUE.HardwareOversamplingRate" spirit:order="19" spirit:minimum="1" spirit:maximum="10000000">1</spirit:value>
    </spirit:parameter>
    <spirit:parameter>
      <spirit:name>SamplePeriod</spirit:name>
      <spirit:value spirit:format="long" spirit:resolve="user" spirit:id="PARAM_VALUE.SamplePeriod" spirit:order="20" spirit:minimum="1" spirit:maximum="10000000">1</spirit:value>
    </spirit:parameter>
    <spirit:parameter>
      <spirit:name>Sample_Frequency</spirit:name>
      <spirit:value spirit:format="float" spirit:resolve="user" spirit:id="PARAM_VALUE.Sample_Frequency" spirit:order="21" spirit:minimum="1e-06" spirit:maximum="742">0.001</spirit:value>
    </spirit:parameter>
    <spirit:parameter>
      <spirit:name>Clock_Frequency</spirit:name>
      <spirit:value spirit:format="float" spirit:resolve="user" spirit:id="PARAM_VALUE.Clock_Frequency" spirit:order="22" spirit:minimum="0.001" spirit:maximum="742">300.0</spirit:value>
    </spirit:parameter>
    <spirit:parameter>
      <spirit:name>Coefficient_Sign</spirit:name>
      <spirit:value spirit:resolve="user" spirit:id="PARAM_VALUE.Coefficient_Sign" spirit:choiceRef="choices_6" spirit:order="23">Signed</spirit:value>
    </spirit:parameter>
    <spirit:parameter>
      <spirit:name>Quantization</spirit:name>
      <spirit:value spirit:resolve="user" spirit:id="PARAM_VALUE.Quantization" spirit:choiceRef="choices_7" spirit:order="24">Integer_Coefficients</spirit:value>
    </spirit:parameter>
    <spirit:parameter>
      <spirit:name>Coefficient_Width</spirit:name>
      <spirit:value spirit:format="long" spirit:resolve="user" spirit:id="PARAM_VALUE.Coefficient_Width" spirit:order="25" spirit:minimum="2" spirit:maximum="49">16</spirit:value>
    </spirit:parameter>
    <spirit:parameter>
      <spirit:name>BestPrecision</spirit:name>
      <spirit:value spirit:format="bool" spirit:resolve="user" spirit:id="PARAM_VALUE.BestPrecision" spirit:order="26">false</spirit:value>
    </spirit:parameter>
    <spirit:parameter>
      <spirit:name>Coefficient_Fractional_Bits</spirit:name>
      <spirit:value spirit:format="long" spirit:resolve="user" spirit:id="PARAM_VALUE.Coefficient_Fractional_Bits" spirit:order="27" spirit:minimum="0" spirit:maximum="0">0</spirit:value>
    </spirit:parameter>
    <spirit:parameter>
      <spirit:name>Coefficient_Structure</spirit:name>
      <spirit:value spirit:resolve="user" spirit:id="PARAM_VALUE.Coefficient_Structure" spirit:choiceRef="choices_8" spirit:order="28">Inferred</spirit:value>
    </spirit:parameter>
    <spirit:parameter>
      <spirit:name>Data_Sign</spirit:name>
      <spirit:value spirit:resolve="user" spirit:id="PARAM_VALUE.Data_Sign" spirit:choiceRef="choices_9" spirit:order="29">Signed</spirit:value>
    </spirit:parameter>
    <spirit:parameter>
      <spirit:name>Data_Width</spirit:name>
      <spirit:value spirit:format="long" spirit:resolve="user" spirit:id="PARAM_VALUE.Data_Width" spirit:order="30" spirit:minimum="2" spirit:maximum="47">10</spirit:value>
    </spirit:parameter>
    <spirit:parameter>
      <spirit:name>Data_Fractional_Bits</spirit:name>
      <spirit:value spirit:format="long" spirit:resolve="user" spirit:id="PARAM_VALUE.Data_Fractional_Bits" spirit:order="31" spirit:minimum="0" spirit:maximum="10">9</spirit:value>
    </spirit:parameter>
    <spirit:parameter>
      <spirit:name>Output_Rounding_Mode</spirit:name>
      <spirit:value spirit:resolve="user" spirit:id="PARAM_VALUE.Output_Rounding_Mode" spirit:choiceRef="choices_10" spirit:order="32">Truncate_LSBs</spirit:value>
    </spirit:parameter>
    <spirit:parameter>
      <spirit:name>Output_Width</spirit:name>
      <spirit:value spirit:format="long" spirit:resolve="user" spirit:id="PARAM_VALUE.Output_Width" spirit:order="33" spirit:minimum="1" spirit:maximum="27">16</spirit:value>
    </spirit:parameter>
    <spirit:parameter>
      <spirit:name>Filter_Architecture</spirit:name>
      <spirit:value spirit:resolve="user" spirit:id="PARAM_VALUE.Filter_Architecture" spirit:choiceRef="choices_11" spirit:order="34">Systolic_Multiply_Accumulate</spirit:value>
    </spirit:parameter>
    <spirit:parameter>
      <spirit:name>Optimization_Goal</spirit:name>
      <spirit:value spirit:resolve="user" spirit:id="PARAM_VALUE.Optimization_Goal" spirit:choiceRef="choices_12" spirit:order="35">Area</spirit:value>
    </spirit:parameter>
    <spirit:parameter>
      <spirit:name>Optimization_Selection</spirit:name>
      <spirit:value spirit:resolve="user" spirit:id="PARAM_VALUE.Optimization_Selection" spirit:choiceRef="choices_13" spirit:order="35.3">None</spirit:value>
    </spirit:parameter>
    <spirit:parameter>
      <spirit:name>Optimization_List</spirit:name>
      <spirit:value spirit:resolve="user" spirit:id="PARAM_VALUE.Optimization_List" spirit:order="35.6">None</spirit:value>
    </spirit:parameter>
    <spirit:parameter>
      <spirit:name>Data_Buffer_Type</spirit:name>
      <spirit:value spirit:resolve="user" spirit:id="PARAM_VALUE.Data_Buffer_Type" spirit:choiceRef="choices_14" spirit:order="36">Automatic</spirit:value>
    </spirit:parameter>
    <spirit:parameter>
      <spirit:name>Coefficient_Buffer_Type</spirit:name>
      <spirit:value spirit:resolve="user" spirit:id="PARAM_VALUE.Coefficient_Buffer_Type" spirit:choiceRef="choices_15" spirit:order="37">Automatic</spirit:value>
    </spirit:parameter>
    <spirit:parameter>
      <spirit:name>Input_Buffer_Type</spirit:name>
      <spirit:value spirit:resolve="user" spirit:id="PARAM_VALUE.Input_Buffer_Type" spirit:choiceRef="choices_16" spirit:order="38">Automatic</spirit:value>
    </spirit:parameter>
    <spirit:parameter>
      <spirit:name>Output_Buffer_Type</spirit:name>
      <spirit:value spirit:resolve="user" spirit:id="PARAM_VALUE.Output_Buffer_Type" spirit:choiceRef="choices_17" spirit:order="39">Automatic</spirit:value>
    </spirit:parameter>
    <spirit:parameter>
      <spirit:name>Preference_For_Other_Storage</spirit:name>
      <spirit:value spirit:resolve="user" spirit:id="PARAM_VALUE.Preference_For_Other_Storage" spirit:choiceRef="choices_18" spirit:order="40">Automatic</spirit:value>
    </spirit:parameter>
    <spirit:parameter>
      <spirit:name>Multi_Column_Support</spirit:name>
      <spirit:value spirit:resolve="user" spirit:id="PARAM_VALUE.Multi_Column_Support" spirit:choiceRef="choices_19" spirit:order="41">Automatic</spirit:value>
    </spirit:parameter>
    <spirit:parameter>
      <spirit:name>Inter_Column_Pipe_Length</spirit:name>
      <spirit:value spirit:format="long" spirit:resolve="user" spirit:id="PARAM_VALUE.Inter_Column_Pipe_Length" spirit:order="42" spirit:minimum="1" spirit:maximum="16">4</spirit:value>
    </spirit:parameter>
    <spirit:parameter>
      <spirit:name>ColumnConfig</spirit:name>
      <spirit:value spirit:resolve="user" spirit:id="PARAM_VALUE.ColumnConfig" spirit:order="43">18</spirit:value>
    </spirit:parameter>
    <spirit:parameter>
      <spirit:name>DATA_Has_TLAST</spirit:name>
      <spirit:value spirit:resolve="user" spirit:id="PARAM_VALUE.DATA_Has_TLAST" spirit:choiceRef="choices_20" spirit:order="44">Not_Required</spirit:value>
    </spirit:parameter>
    <spirit:parameter>
      <spirit:name>M_DATA_Has_TREADY</spirit:name>
      <spirit:value spirit:format="bool" spirit:resolve="user" spirit:id="PARAM_VALUE.M_DATA_Has_TREADY" spirit:order="45">false</spirit:value>
    </spirit:parameter>
    <spirit:parameter>
      <spirit:name>S_DATA_Has_FIFO</spirit:name>
      <spirit:value spirit:format="bool" spirit:resolve="user" spirit:id="PARAM_VALUE.S_DATA_Has_FIFO" spirit:order="46">true</spirit:value>
    </spirit:parameter>
    <spirit:parameter>
      <spirit:name>S_DATA_Has_TUSER</spirit:name>
      <spirit:value spirit:resolve="user" spirit:id="PARAM_VALUE.S_DATA_Has_TUSER" spirit:choiceRef="choices_21" spirit:order="47">Not_Required</spirit:value>
    </spirit:parameter>
    <spirit:parameter>
      <spirit:name>M_DATA_Has_TUSER</spirit:name>
      <spirit:value spirit:resolve="user" spirit:id="PARAM_VALUE.M_DATA_Has_TUSER" spirit:choiceRef="choices_22" spirit:order="48">Not_Required</spirit:value>
    </spirit:parameter>
    <spirit:parameter>
      <spirit:name>DATA_TUSER_Width</spirit:name>
      <spirit:value spirit:format="long" spirit:resolve="user" spirit:id="PARAM_VALUE.DATA_TUSER_Width" spirit:order="49" spirit:minimum="1" spirit:maximum="256">1</spirit:value>
    </spirit:parameter>
    <spirit:parameter>
      <spirit:name>S_CONFIG_Sync_Mode</spirit:name>
      <spirit:value spirit:resolve="user" spirit:id="PARAM_VALUE.S_CONFIG_Sync_Mode" spirit:choiceRef="choices_23" spirit:order="50">On_Vector</spirit:value>
    </spirit:parameter>
    <spirit:parameter>
      <spirit:name>S_CONFIG_Method</spirit:name>
      <spirit:value spirit:resolve="user" spirit:id="PARAM_VALUE.S_CONFIG_Method" spirit:choiceRef="choices_24" spirit:order="51">Single</spirit:value>
    </spirit:parameter>
    <spirit:parameter>
      <spirit:name>Num_Reload_Slots</spirit:name>
      <spirit:value spirit:format="long" spirit:resolve="user" spirit:id="PARAM_VALUE.Num_Reload_Slots" spirit:order="52" spirit:minimum="1" spirit:maximum="256">1</spirit:value>
    </spirit:parameter>
    <spirit:parameter>
      <spirit:name>Has_ACLKEN</spirit:name>
      <spirit:value spirit:format="bool" spirit:resolve="user" spirit:id="PARAM_VALUE.Has_ACLKEN" spirit:order="53">false</spirit:value>
    </spirit:parameter>
    <spirit:parameter>
      <spirit:name>Has_ARESETn</spirit:name>
      <spirit:value spirit:format="bool" spirit:resolve="user" spirit:id="PARAM_VALUE.Has_ARESETn" spirit:order="54">false</spirit:value>
    </spirit:parameter>
    <spirit:parameter>
      <spirit:name>Reset_Data_Vector</spirit:name>
      <spirit:value spirit:format="bool" spirit:resolve="user" spirit:id="PARAM_VALUE.Reset_Data_Vector" spirit:order="55">true</spirit:value>
    </spirit:parameter>
    <spirit:parameter>
      <spirit:name>Gen_MIF_from_Spec</spirit:name>
      <spirit:value spirit:format="bool" spirit:resolve="user" spirit:id="PARAM_VALUE.Gen_MIF_from_Spec" spirit:order="56">false</spirit:value>
    </spirit:parameter>
    <spirit:parameter>
      <spirit:name>Gen_MIF_from_COE</spirit:name>
      <spirit:value spirit:format="bool" spirit:resolve="user" spirit:id="PARAM_VALUE.Gen_MIF_from_COE" spirit:order="57">false</spirit:value>
    </spirit:parameter>
    <spirit:parameter>
      <spirit:name>Reload_File</spirit:name>
      <spirit:value spirit:resolve="user" spirit:id="PARAM_VALUE.Reload_File" spirit:order="58">no_coe_file_loaded</spirit:value>
    </spirit:parameter>
    <spirit:parameter>
      <spirit:name>Gen_MIF_Files</spirit:name>
      <spirit:value spirit:format="bool" spirit:resolve="user" spirit:id="PARAM_VALUE.Gen_MIF_Files" spirit:order="59">false</spirit:value>
    </spirit:parameter>
    <spirit:parameter>
      <spirit:name>DisplayReloadOrder</spirit:name>
      <spirit:value spirit:format="bool" spirit:resolve="user" spirit:id="PARAM_VALUE.DisplayReloadOrder" spirit:order="60">false</spirit:value>
    </spirit:parameter>
    <spirit:parameter>
      <spirit:name>Passband_Min</spirit:name>
      <spirit:value spirit:format="float" spirit:resolve="user" spirit:id="PARAM_VALUE.Passband_Min" spirit:order="61" spirit:minimum="0" spirit:maximum="1">0.0</spirit:value>
    </spirit:parameter>
    <spirit:parameter>
      <spirit:name>Passband_Max</spirit:name>
      <spirit:value spirit:format="float" spirit:resolve="user" spirit:id="PARAM_VALUE.Passband_Max" spirit:order="62" spirit:minimum="0" spirit:maximum="1">0.5</spirit:value>
    </spirit:parameter>
    <spirit:parameter>
      <spirit:name>Stopband_Min</spirit:name>
      <spirit:value spirit:format="float" spirit:resolve="user" spirit:id="PARAM_VALUE.Stopband_Min" spirit:order="63" spirit:minimum="0" spirit:maximum="1">0.5</spirit:value>
    </spirit:parameter>
    <spirit:parameter>
      <spirit:name>Stopband_Max</spirit:name>
      <spirit:value spirit:format="float" spirit:resolve="user" spirit:id="PARAM_VALUE.Stopband_Max" spirit:order="64" spirit:minimum="0.5" spirit:maximum="1">1.0</spirit:value>
    </spirit:parameter>
    <spirit:parameter>
      <spirit:name>Filter_Selection</spirit:name>
      <spirit:value spirit:format="long" spirit:resolve="user" spirit:id="PARAM_VALUE.Filter_Selection" spirit:order="65" spirit:minimum="1" spirit:maximum="1">1</spirit:value>
    </spirit:parameter>
  </spirit:parameters>
  <spirit:vendorExtensions>
    <xilinx:coreExtensions>
      <xilinx:supportedFamilies>
        <xilinx:family xilinx:lifeCycle="Pre-Production">aartix7</xilinx:family>
        <xilinx:family xilinx:lifeCycle="Production">artix7</xilinx:family>
        <xilinx:family xilinx:lifeCycle="Pre-Production">artix7l</xilinx:family>
        <xilinx:family xilinx:lifeCycle="Pre-Production">azynq</xilinx:family>
        <xilinx:family xilinx:lifeCycle="Production">kintex7</xilinx:family>
        <xilinx:family xilinx:lifeCycle="Production">kintex7l</xilinx:family>
        <xilinx:family xilinx:lifeCycle="Beta">kintex8</xilinx:family>
        <xilinx:family xilinx:lifeCycle="Pre-Production">qartix7</xilinx:family>
        <xilinx:family xilinx:lifeCycle="Production">qkintex7</xilinx:family>
        <xilinx:family xilinx:lifeCycle="Production">qkintex7l</xilinx:family>
        <xilinx:family xilinx:lifeCycle="Production">qvirtex7</xilinx:family>
        <xilinx:family xilinx:lifeCycle="Pre-Production">qzynq</xilinx:family>
        <xilinx:family xilinx:lifeCycle="Production">virtex7</xilinx:family>
        <xilinx:family xilinx:lifeCycle="Beta">virtex8</xilinx:family>
        <xilinx:family xilinx:lifeCycle="Production">zynq</xilinx:family>
      </xilinx:supportedFamilies>
      <xilinx:taxonomies>
        <xilinx:taxonomy>/Digital_Signal_Processing/Filters</xilinx:taxonomy>
      </xilinx:taxonomies>
      <xilinx:displayName>FIR Compiler</xilinx:displayName>
      <xilinx:coreRevision>0</xilinx:coreRevision>
      <xilinx:paymentRequired>false</xilinx:paymentRequired>
      <xilinx:upgrades>
        <xilinx:canUpgradeFrom>xilinx.com:ip:fir_compiler:5.0</xilinx:canUpgradeFrom>
        <xilinx:canUpgradeFrom>xilinx.com:ip:fir_compiler:6.0</xilinx:canUpgradeFrom>
        <xilinx:canUpgradeFrom>xilinx.com:ip:fir_compiler:6.1</xilinx:canUpgradeFrom>
        <xilinx:canUpgradeFrom>xilinx.com:ip:fir_compiler:6.2</xilinx:canUpgradeFrom>
        <xilinx:canUpgradeFrom>xilinx.com:ip:fir_compiler:6.3</xilinx:canUpgradeFrom>
        <xilinx:canUpgradeFrom>xilinx.com:ip:fir_compiler:7.0</xilinx:canUpgradeFrom>
      </xilinx:upgrades>
      <xilinx:coreCreationDateTime>2013-07-25T15:30:27</xilinx:coreCreationDateTime>
    </xilinx:coreExtensions>
    <xilinx:packagingInfo>
      <xilinx:xilinxVersion>2013.2</xilinx:xilinxVersion>
    </xilinx:packagingInfo>
  </spirit:vendorExtensions>
</spirit:component>
